case_id,category,reference,candidate,first_field,term_k,packed_different
0,equal_score,fig3,tie_b,selected_operand,0,1
0,equal_score,fig3,guard1_pack12,accumulator_grid,0,0
0,equal_score,fig3,guard12_pack12,accumulator_grid,0,0
0,equal_score,fig3,source_uncut,accumulator_grid,0,1
1,output_width,fig3,tie_b,selected_operand,0,1
1,output_width,fig3,guard1_pack12,accumulator_grid,0,0
1,output_width,fig3,guard12_pack12,accumulator_grid,0,0
1,output_width,fig3,source_uncut,accumulator_grid,0,1
2,output_width,fig3,tie_b,selected_operand,0,0
2,output_width,fig3,guard1_pack12,accumulator_grid,0,0
2,output_width,fig3,guard12_pack12,accumulator_grid,0,0
2,output_width,fig3,source_uncut,accumulator_grid,0,1
3,output_width,fig3,tie_b,selected_operand,0,0
3,output_width,fig3,guard1_pack12,accumulator_grid,0,0
3,output_width,fig3,guard12_pack12,accumulator_grid,0,0
3,output_width,fig3,source_uncut,accumulator_grid,0,1
4,equal_score,fig3,tie_b,selected_operand,0,1
4,equal_score,fig3,guard1_pack12,accumulator_grid,0,0
4,equal_score,fig3,guard12_pack12,accumulator_grid,0,0
4,equal_score,fig3,source_uncut,accumulator_grid,0,1
5,output_width,fig3,tie_b,selected_operand,0,1
5,output_width,fig3,guard1_pack12,accumulator_grid,0,0
5,output_width,fig3,guard12_pack12,accumulator_grid,0,0
5,output_width,fig3,source_uncut,accumulator_grid,0,1
6,output_width,fig3,tie_b,selected_operand,0,0
6,output_width,fig3,guard1_pack12,accumulator_grid,0,0
6,output_width,fig3,guard12_pack12,accumulator_grid,0,0
6,output_width,fig3,source_uncut,accumulator_grid,0,1
7,output_width,fig3,tie_b,selected_operand,0,0
7,output_width,fig3,guard1_pack12,accumulator_grid,0,0
7,output_width,fig3,guard12_pack12,accumulator_grid,0,0
7,output_width,fig3,source_uncut,accumulator_grid,0,1
8,equal_score,fig3,tie_b,selected_operand,0,1
8,equal_score,fig3,guard1_pack12,accumulator_grid,0,0
8,equal_score,fig3,guard12_pack12,accumulator_grid,0,0
8,equal_score,fig3,source_uncut,accumulator_grid,0,1
9,output_width,fig3,tie_b,selected_operand,0,1
9,output_width,fig3,guard1_pack12,accumulator_grid,0,0
9,output_width,fig3,guard12_pack12,accumulator_grid,0,0
9,output_width,fig3,source_uncut,accumulator_grid,0,1
10,equal_score,fig3,tie_b,selected_operand,0,1
10,equal_score,fig3,guard1_pack12,accumulator_grid,0,0
10,equal_score,fig3,guard12_pack12,accumulator_grid,0,0
10,equal_score,fig3,source_uncut,accumulator_grid,0,1
11,output_width,fig3,tie_b,selected_operand,0,1
11,output_width,fig3,guard1_pack12,accumulator_grid,0,0
11,output_width,fig3,guard12_pack12,accumulator_grid,0,0
11,output_width,fig3,source_uncut,accumulator_grid,0,1
12,equal_score,fig3,tie_b,selected_operand,0,1
12,equal_score,fig3,guard1_pack12,accumulator_grid,0,0
12,equal_score,fig3,guard12_pack12,accumulator_grid,0,0
12,equal_score,fig3,source_uncut,accumulator_grid,0,1
13,output_width,fig3,tie_b,selected_operand,0,1
13,output_width,fig3,guard1_pack12,accumulator_grid,0,0
13,output_width,fig3,guard12_pack12,accumulator_grid,0,0
13,output_width,fig3,source_uncut,accumulator_grid,0,1
14,output_width,fig3,guard1_pack12,accumulator_grid,0,0
14,output_width,fig3,guard12_pack12,accumulator_grid,0,0
14,output_width,fig3,source_uncut,accumulator_grid,0,1
15,output_width,fig3,guard1_pack12,accumulator_grid,0,0
15,output_width,fig3,guard12_pack12,accumulator_grid,0,0
15,output_width,fig3,source_uncut,accumulator_grid,0,1
16,output_width,fig3,guard1_pack12,accumulator_grid,0,0
16,output_width,fig3,guard12_pack12,accumulator_grid,0,0
16,output_width,fig3,source_uncut,accumulator_grid,0,1
17,equal_score,fig3,tie_b,selected_operand,0,1
17,equal_score,fig3,guard1_pack12,accumulator_grid,0,0
17,equal_score,fig3,guard12_pack12,accumulator_grid,0,0
17,equal_score,fig3,source_uncut,accumulator_grid,0,1
18,output_width,fig3,tie_b,selected_operand,0,1
18,output_width,fig3,guard1_pack12,accumulator_grid,0,0
18,output_width,fig3,guard12_pack12,accumulator_grid,0,0
18,output_width,fig3,source_uncut,accumulator_grid,0,1
19,equal_score,fig3,tie_b,selected_operand,0,1
19,equal_score,fig3,guard1_pack12,accumulator_grid,0,0
19,equal_score,fig3,guard12_pack12,accumulator_grid,0,0
19,equal_score,fig3,source_uncut,accumulator_grid,0,1
20,output_width,fig3,tie_b,selected_operand,0,1
20,output_width,fig3,guard1_pack12,accumulator_grid,0,0
20,output_width,fig3,guard12_pack12,accumulator_grid,0,0
20,output_width,fig3,source_uncut,accumulator_grid,0,1
21,equal_score,fig3,tie_b,selected_operand,0,1
21,equal_score,fig3,guard1_pack12,accumulator_grid,0,0
21,equal_score,fig3,guard12_pack12,accumulator_grid,0,0
21,equal_score,fig3,source_uncut,accumulator_grid,0,1
22,output_width,fig3,tie_b,selected_operand,0,1
22,output_width,fig3,guard1_pack12,accumulator_grid,0,0
22,output_width,fig3,guard12_pack12,accumulator_grid,0,0
22,output_width,fig3,source_uncut,accumulator_grid,0,1
23,output_width,fig3,guard1_pack12,accumulator_grid,0,0
23,output_width,fig3,guard12_pack12,accumulator_grid,0,0
23,output_width,fig3,source_uncut,accumulator_grid,0,1
24,output_width,fig3,guard1_pack12,accumulator_grid,0,0
24,output_width,fig3,guard12_pack12,accumulator_grid,0,0
24,output_width,fig3,source_uncut,accumulator_grid,0,1
25,output_width,fig3,guard1_pack12,accumulator_grid,0,0
25,output_width,fig3,guard12_pack12,accumulator_grid,0,0
25,output_width,fig3,source_uncut,accumulator_grid,0,1
26,output_width,fig3,guard1_pack12,accumulator_grid,0,0
26,output_width,fig3,guard12_pack12,accumulator_grid,0,0
26,output_width,fig3,source_uncut,accumulator_grid,0,1
27,output_width,fig3,guard1_pack12,accumulator_grid,0,0
27,output_width,fig3,guard12_pack12,accumulator_grid,0,0
27,output_width,fig3,source_uncut,accumulator_grid,0,1
28,output_width,fig3,guard1_pack12,accumulator_grid,0,0
28,output_width,fig3,guard12_pack12,accumulator_grid,0,0
28,output_width,fig3,source_uncut,accumulator_grid,0,1
29,output_width,fig3,guard1_pack12,accumulator_grid,0,0
29,output_width,fig3,guard12_pack12,accumulator_grid,0,0
29,output_width,fig3,source_uncut,accumulator_grid,0,1
30,output_width,fig3,guard1_pack12,accumulator_grid,0,0
30,output_width,fig3,guard12_pack12,accumulator_grid,0,0
30,output_width,fig3,source_uncut,accumulator_grid,0,1
31,output_width,fig3,guard1_pack12,accumulator_grid,0,0
31,output_width,fig3,guard12_pack12,accumulator_grid,0,0
31,output_width,fig3,source_uncut,accumulator_grid,0,1
32,equal_score,fig3,tie_b,selected_operand,0,1
32,equal_score,fig3,guard1_pack12,accumulator_grid,0,0
32,equal_score,fig3,guard12_pack12,accumulator_grid,0,0
32,equal_score,fig3,source_uncut,accumulator_grid,0,1
33,output_width,fig3,tie_b,selected_operand,0,1
33,output_width,fig3,guard1_pack12,accumulator_grid,0,0
33,output_width,fig3,guard12_pack12,accumulator_grid,0,0
33,output_width,fig3,source_uncut,accumulator_grid,0,1
34,equal_score,fig3,tie_b,selected_operand,0,1
34,equal_score,fig3,guard1_pack12,accumulator_grid,0,0
34,equal_score,fig3,guard12_pack12,accumulator_grid,0,0
34,equal_score,fig3,source_uncut,accumulator_grid,0,1
35,output_width,fig3,tie_b,selected_operand,0,1
35,output_width,fig3,guard1_pack12,accumulator_grid,0,0
35,output_width,fig3,guard12_pack12,accumulator_grid,0,0
35,output_width,fig3,source_uncut,accumulator_grid,0,1
36,equal_score,fig3,tie_b,selected_operand,0,1
36,equal_score,fig3,guard1_pack12,accumulator_grid,0,0
36,equal_score,fig3,guard12_pack12,accumulator_grid,0,0
36,equal_score,fig3,source_uncut,accumulator_grid,0,1
37,output_width,fig3,tie_b,selected_operand,0,1
37,output_width,fig3,guard1_pack12,accumulator_grid,0,0
37,output_width,fig3,guard12_pack12,accumulator_grid,0,0
37,output_width,fig3,source_uncut,accumulator_grid,0,1
38,output_width,fig3,guard1_pack12,accumulator_grid,0,0
38,output_width,fig3,guard12_pack12,accumulator_grid,0,0
38,output_width,fig3,source_uncut,accumulator_grid,0,1
39,output_width,fig3,guard1_pack12,accumulator_grid,0,0
39,output_width,fig3,guard12_pack12,accumulator_grid,0,0
39,output_width,fig3,source_uncut,accumulator_grid,0,1
40,output_width,fig3,guard1_pack12,accumulator_grid,0,0
40,output_width,fig3,guard12_pack12,accumulator_grid,0,0
40,output_width,fig3,source_uncut,accumulator_grid,0,1
41,output_width,fig3,guard1_pack12,accumulator_grid,0,0
41,output_width,fig3,guard12_pack12,accumulator_grid,0,0
41,output_width,fig3,source_uncut,accumulator_grid,0,1
42,output_width,fig3,guard1_pack12,accumulator_grid,0,0
42,output_width,fig3,guard12_pack12,accumulator_grid,0,0
42,output_width,fig3,source_uncut,accumulator_grid,0,1
43,equal_score,fig3,tie_b,selected_operand,0,1
43,equal_score,fig3,guard1_pack12,accumulator_grid,0,0
43,equal_score,fig3,guard12_pack12,accumulator_grid,0,0
43,equal_score,fig3,source_uncut,accumulator_grid,0,1
44,equal_score,fig3,tie_b,selected_operand,0,1
44,equal_score,fig3,guard1_pack12,accumulator_grid,0,0
44,equal_score,fig3,guard12_pack12,accumulator_grid,0,0
44,equal_score,fig3,source_uncut,accumulator_grid,0,1
45,equal_score,fig3,tie_b,selected_operand,0,1
45,equal_score,fig3,guard1_pack12,accumulator_grid,0,0
45,equal_score,fig3,guard12_pack12,accumulator_grid,0,0
45,equal_score,fig3,source_uncut,accumulator_grid,0,1
46,equal_score,fig3,tie_b,selected_operand,0,1
46,equal_score,fig3,guard1_pack12,accumulator_grid,0,0
46,equal_score,fig3,guard12_pack12,accumulator_grid,0,0
46,equal_score,fig3,source_uncut,accumulator_grid,0,1
47,equal_score,fig3,tie_b,selected_operand,0,1
47,equal_score,fig3,guard1_pack12,accumulator_grid,0,0
47,equal_score,fig3,guard12_pack12,accumulator_grid,0,0
47,equal_score,fig3,source_uncut,accumulator_grid,0,1
48,equal_score,fig3,tie_b,selected_operand,0,1
48,equal_score,fig3,guard1_pack12,accumulator_grid,0,0
48,equal_score,fig3,guard12_pack12,accumulator_grid,0,0
48,equal_score,fig3,source_uncut,accumulator_grid,0,1
49,equal_score,fig3,tie_b,selected_operand,0,1
49,equal_score,fig3,guard1_pack12,accumulator_grid,0,0
49,equal_score,fig3,guard12_pack12,accumulator_grid,0,0
49,equal_score,fig3,source_uncut,accumulator_grid,0,1
50,equal_score,fig3,tie_b,selected_operand,0,1
50,equal_score,fig3,guard1_pack12,accumulator_grid,0,0
50,equal_score,fig3,guard12_pack12,accumulator_grid,0,0
50,equal_score,fig3,source_uncut,accumulator_grid,0,1
51,equal_score,fig3,tie_b,selected_operand,0,1
51,equal_score,fig3,guard1_pack12,accumulator_grid,0,0
51,equal_score,fig3,guard12_pack12,accumulator_grid,0,0
51,equal_score,fig3,source_uncut,accumulator_grid,0,1
52,equal_score,fig3,tie_b,selected_operand,0,1
52,equal_score,fig3,guard1_pack12,accumulator_grid,0,0
52,equal_score,fig3,guard12_pack12,accumulator_grid,0,0
52,equal_score,fig3,source_uncut,accumulator_grid,0,1
53,equal_score,fig3,tie_b,selected_operand,0,1
53,equal_score,fig3,guard1_pack12,accumulator_grid,0,0
53,equal_score,fig3,guard12_pack12,accumulator_grid,0,0
53,equal_score,fig3,source_uncut,accumulator_grid,0,1
54,equal_score,fig3,tie_b,selected_operand,0,1
54,equal_score,fig3,guard1_pack12,accumulator_grid,0,0
54,equal_score,fig3,guard12_pack12,accumulator_grid,0,0
54,equal_score,fig3,source_uncut,accumulator_grid,0,1
55,equal_score,fig3,tie_b,selected_operand,0,1
55,equal_score,fig3,guard1_pack12,accumulator_grid,0,0
55,equal_score,fig3,guard12_pack12,accumulator_grid,0,0
55,equal_score,fig3,source_uncut,accumulator_grid,0,1
56,equal_score,fig3,tie_b,selected_operand,0,1
56,equal_score,fig3,guard1_pack12,accumulator_grid,0,0
56,equal_score,fig3,guard12_pack12,accumulator_grid,0,0
56,equal_score,fig3,source_uncut,accumulator_grid,0,1
57,equal_score,fig3,tie_b,selected_operand,0,1
57,equal_score,fig3,guard1_pack12,accumulator_grid,0,0
57,equal_score,fig3,guard12_pack12,accumulator_grid,0,0
57,equal_score,fig3,source_uncut,accumulator_grid,0,1
58,equal_score,fig3,tie_b,selected_operand,0,1
58,equal_score,fig3,guard1_pack12,accumulator_grid,0,0
58,equal_score,fig3,guard12_pack12,accumulator_grid,0,0
58,equal_score,fig3,source_uncut,accumulator_grid,0,1
59,equal_score,fig3,tie_b,selected_operand,0,1
59,equal_score,fig3,guard1_pack12,accumulator_grid,0,0
59,equal_score,fig3,guard12_pack12,accumulator_grid,0,0
59,equal_score,fig3,source_uncut,accumulator_grid,0,1
60,equal_score,fig3,tie_b,selected_operand,0,1
60,equal_score,fig3,guard1_pack12,accumulator_grid,0,0
60,equal_score,fig3,guard12_pack12,accumulator_grid,0,0
60,equal_score,fig3,source_uncut,accumulator_grid,0,1
61,equal_score,fig3,tie_b,selected_operand,0,1
61,equal_score,fig3,guard1_pack12,accumulator_grid,0,0
61,equal_score,fig3,guard12_pack12,accumulator_grid,0,0
61,equal_score,fig3,source_uncut,accumulator_grid,0,1
62,equal_score,fig3,tie_b,selected_operand,0,1
62,equal_score,fig3,guard1_pack12,accumulator_grid,0,0
62,equal_score,fig3,guard12_pack12,accumulator_grid,0,0
62,equal_score,fig3,source_uncut,accumulator_grid,0,1
63,equal_score,fig3,tie_b,selected_operand,0,1
63,equal_score,fig3,guard1_pack12,accumulator_grid,0,0
63,equal_score,fig3,guard12_pack12,accumulator_grid,0,0
63,equal_score,fig3,source_uncut,accumulator_grid,0,1
64,signed_cut,fig3,exact_residual,residual,2,0
64,signed_cut,fig3,guard1_pack12,accumulator_grid,0,0
64,signed_cut,fig3,guard12_pack12,accumulator_grid,0,0
64,signed_cut,fig3,source_uncut,accumulator_grid,0,1
64,signed_cut,fig3,signed_floor,accumulator,3,1
65,signed_cut,fig3,exact_residual,residual,2,0
65,signed_cut,fig3,guard1_pack12,accumulator_grid,0,0
65,signed_cut,fig3,guard12_pack12,accumulator_grid,0,0
65,signed_cut,fig3,source_uncut,accumulator_grid,0,1
65,signed_cut,fig3,signed_floor,accumulator,3,1
66,term_cut,fig3,exact_residual,residual,2,0
66,term_cut,fig3,guard1_pack12,accumulator_grid,0,0
66,term_cut,fig3,guard12_pack12,accumulator_grid,0,1
66,term_cut,fig3,source_uncut,accumulator_grid,0,1
66,term_cut,fig3,post_sum_pack12,accumulator,3,1
66,term_cut,fig3,signed_floor,accumulator,3,1
67,guard_depth,fig3,exact_residual,residual,2,0
67,guard_depth,fig3,guard1_pack12,accumulator_grid,0,0
67,guard_depth,fig3,guard12_pack12,accumulator_grid,0,1
67,guard_depth,fig3,source_uncut,accumulator_grid,0,1
67,guard_depth,fig3,post_sum_pack12,accumulator,3,1
67,guard_depth,fig3,signed_floor,accumulator,3,1
68,post_sum_cut,fig3,exact_residual,residual,2,0
68,post_sum_cut,fig3,guard1_pack12,accumulator_grid,0,0
68,post_sum_cut,fig3,guard12_pack12,accumulator_grid,0,1
68,post_sum_cut,fig3,source_uncut,accumulator_grid,0,1
68,post_sum_cut,fig3,post_sum_pack12,accumulator,3,1
68,post_sum_cut,fig3,signed_floor,accumulator,3,1
69,signed_cut,fig3,exact_residual,residual,2,0
69,signed_cut,fig3,guard1_pack12,accumulator_grid,0,0
69,signed_cut,fig3,guard12_pack12,accumulator_grid,0,1
69,signed_cut,fig3,source_uncut,accumulator_grid,0,1
69,signed_cut,fig3,post_sum_pack12,accumulator,3,1
69,signed_cut,fig3,signed_floor,accumulator,3,1
70,term_cut,fig3,exact_residual,residual,2,0
70,term_cut,fig3,guard1_pack12,accumulator_grid,0,0
70,term_cut,fig3,guard12_pack12,accumulator_grid,0,1
70,term_cut,fig3,source_uncut,accumulator_grid,0,1
70,term_cut,fig3,post_sum_pack12,accumulator,3,1
70,term_cut,fig3,signed_floor,accumulator,3,1
71,guard_depth,fig3,exact_residual,residual,2,0
71,guard_depth,fig3,guard1_pack12,accumulator_grid,0,0
71,guard_depth,fig3,guard12_pack12,accumulator_grid,0,1
71,guard_depth,fig3,source_uncut,accumulator_grid,0,1
71,guard_depth,fig3,post_sum_pack12,accumulator,3,1
71,guard_depth,fig3,signed_floor,accumulator,3,1
72,post_sum_cut,fig3,exact_residual,residual,2,0
72,post_sum_cut,fig3,guard1_pack12,accumulator_grid,0,0
72,post_sum_cut,fig3,guard12_pack12,accumulator_grid,0,1
72,post_sum_cut,fig3,source_uncut,accumulator_grid,0,1
72,post_sum_cut,fig3,post_sum_pack12,accumulator,3,1
72,post_sum_cut,fig3,signed_floor,accumulator,3,1
73,signed_cut,fig3,exact_residual,residual,2,0
73,signed_cut,fig3,guard1_pack12,accumulator_grid,0,0
73,signed_cut,fig3,guard12_pack12,accumulator_grid,0,1
73,signed_cut,fig3,source_uncut,accumulator_grid,0,1
73,signed_cut,fig3,post_sum_pack12,accumulator,3,1
73,signed_cut,fig3,signed_floor,accumulator,3,1
74,term_cut,fig3,exact_residual,residual,3,0
74,term_cut,fig3,guard1_pack12,accumulator_grid,0,1
74,term_cut,fig3,guard12_pack12,accumulator_grid,0,1
74,term_cut,fig3,source_uncut,accumulator_grid,0,1
74,term_cut,fig3,post_sum_pack12,accumulator,3,1
75,post_sum_cut,fig3,exact_residual,residual,3,0
75,post_sum_cut,fig3,guard1_pack12,accumulator_grid,0,1
75,post_sum_cut,fig3,guard12_pack12,accumulator_grid,0,1
75,post_sum_cut,fig3,source_uncut,accumulator_grid,0,1
75,post_sum_cut,fig3,post_sum_pack12,accumulator,3,1
76,rnd_boundary,fig3,exact_residual,residual,3,1
76,rnd_boundary,fig3,guard1_pack12,accumulator_grid,0,0
76,rnd_boundary,fig3,guard12_pack12,accumulator_grid,0,0
76,rnd_boundary,fig3,source_uncut,accumulator_grid,0,1
76,rnd_boundary,fig3,post_sum_pack12,accumulator,3,0
76,rnd_boundary,fig3,signed_floor,accumulator,4,1
77,signed_cut,fig3,exact_residual,residual,3,1
77,signed_cut,fig3,guard1_pack12,accumulator_grid,0,0
77,signed_cut,fig3,guard12_pack12,accumulator_grid,0,0
77,signed_cut,fig3,source_uncut,accumulator_grid,0,1
77,signed_cut,fig3,post_sum_pack12,accumulator,3,0
77,signed_cut,fig3,signed_floor,accumulator,4,1
78,term_cut,fig3,tie_b,selected_operand,0,0
78,term_cut,fig3,exact_residual,residual,2,0
78,term_cut,fig3,guard1_pack12,accumulator_grid,0,0
78,term_cut,fig3,guard12_pack12,accumulator_grid,0,1
78,term_cut,fig3,source_uncut,accumulator_grid,0,1
78,term_cut,fig3,post_sum_pack12,accumulator,3,1
78,term_cut,fig3,signed_floor,accumulator,3,1
79,guard_depth,fig3,tie_b,selected_operand,0,0
79,guard_depth,fig3,exact_residual,residual,2,0
79,guard_depth,fig3,guard1_pack12,accumulator_grid,0,0
79,guard_depth,fig3,guard12_pack12,accumulator_grid,0,1
79,guard_depth,fig3,source_uncut,accumulator_grid,0,1
79,guard_depth,fig3,post_sum_pack12,accumulator,3,1
79,guard_depth,fig3,signed_floor,accumulator,3,1
80,post_sum_cut,fig3,tie_b,selected_operand,0,0
80,post_sum_cut,fig3,exact_residual,residual,2,0
80,post_sum_cut,fig3,guard1_pack12,accumulator_grid,0,0
80,post_sum_cut,fig3,guard12_pack12,accumulator_grid,0,1
80,post_sum_cut,fig3,source_uncut,accumulator_grid,0,1
80,post_sum_cut,fig3,post_sum_pack12,accumulator,3,1
80,post_sum_cut,fig3,signed_floor,accumulator,3,1
81,signed_cut,fig3,tie_b,selected_operand,0,0
81,signed_cut,fig3,exact_residual,residual,2,0
81,signed_cut,fig3,guard1_pack12,accumulator_grid,0,0
81,signed_cut,fig3,guard12_pack12,accumulator_grid,0,1
81,signed_cut,fig3,source_uncut,accumulator_grid,0,1
81,signed_cut,fig3,post_sum_pack12,accumulator,3,1
81,signed_cut,fig3,signed_floor,accumulator,3,1
82,signed_cut,fig3,tie_b,selected_operand,0,0
82,signed_cut,fig3,exact_residual,residual,2,0
82,signed_cut,fig3,guard1_pack12,accumulator_grid,0,0
82,signed_cut,fig3,guard12_pack12,accumulator_grid,0,0
82,signed_cut,fig3,source_uncut,accumulator_grid,0,1
82,signed_cut,fig3,post_sum_pack12,accumulator,3,0
82,signed_cut,fig3,signed_floor,accumulator,3,1
83,term_cut,fig3,exact_residual,residual,3,0
83,term_cut,fig3,guard1_pack12,accumulator_grid,0,1
83,term_cut,fig3,guard12_pack12,accumulator_grid,0,1
83,term_cut,fig3,source_uncut,accumulator_grid,0,1
83,term_cut,fig3,post_sum_pack12,accumulator,3,1
84,post_sum_cut,fig3,exact_residual,residual,3,0
84,post_sum_cut,fig3,guard1_pack12,accumulator_grid,0,1
84,post_sum_cut,fig3,guard12_pack12,accumulator_grid,0,1
84,post_sum_cut,fig3,source_uncut,accumulator_grid,0,1
84,post_sum_cut,fig3,post_sum_pack12,accumulator,3,1
85,signed_cut,fig3,exact_residual,residual,3,0
85,signed_cut,fig3,guard1_pack12,accumulator_grid,0,0
85,signed_cut,fig3,guard12_pack12,accumulator_grid,0,0
85,signed_cut,fig3,source_uncut,accumulator_grid,0,1
85,signed_cut,fig3,post_sum_pack12,accumulator,3,0
85,signed_cut,fig3,signed_floor,accumulator,4,1
86,term_cut,fig3,tie_b,selected_operand,0,1
86,term_cut,fig3,exact_residual,residual,2,0
86,term_cut,fig3,guard1_pack12,accumulator_grid,0,0
86,term_cut,fig3,guard12_pack12,accumulator_grid,0,1
86,term_cut,fig3,source_uncut,accumulator_grid,0,1
86,term_cut,fig3,post_sum_pack12,accumulator,3,1
86,term_cut,fig3,signed_floor,accumulator,3,1
87,guard_depth,fig3,tie_b,selected_operand,0,1
87,guard_depth,fig3,exact_residual,residual,2,0
87,guard_depth,fig3,guard1_pack12,accumulator_grid,0,0
87,guard_depth,fig3,guard12_pack12,accumulator_grid,0,1
87,guard_depth,fig3,source_uncut,accumulator_grid,0,1
87,guard_depth,fig3,post_sum_pack12,accumulator,3,1
87,guard_depth,fig3,signed_floor,accumulator,3,1
88,post_sum_cut,fig3,tie_b,selected_operand,0,1
88,post_sum_cut,fig3,exact_residual,residual,2,0
88,post_sum_cut,fig3,guard1_pack12,accumulator_grid,0,0
88,post_sum_cut,fig3,guard12_pack12,accumulator_grid,0,1
88,post_sum_cut,fig3,source_uncut,accumulator_grid,0,1
88,post_sum_cut,fig3,post_sum_pack12,accumulator,3,1
88,post_sum_cut,fig3,signed_floor,accumulator,3,1
89,signed_cut,fig3,tie_b,selected_operand,0,1
89,signed_cut,fig3,exact_residual,residual,2,0
89,signed_cut,fig3,guard1_pack12,accumulator_grid,0,0
89,signed_cut,fig3,guard12_pack12,accumulator_grid,0,1
89,signed_cut,fig3,source_uncut,accumulator_grid,0,1
89,signed_cut,fig3,post_sum_pack12,accumulator,3,1
89,signed_cut,fig3,signed_floor,accumulator,3,1
90,signed_cut,fig3,tie_b,selected_operand,0,1
90,signed_cut,fig3,exact_residual,residual,2,0
90,signed_cut,fig3,guard1_pack12,accumulator_grid,0,0
90,signed_cut,fig3,guard12_pack12,accumulator_grid,0,0
90,signed_cut,fig3,source_uncut,accumulator_grid,0,1
90,signed_cut,fig3,post_sum_pack12,accumulator,3,0
90,signed_cut,fig3,signed_floor,accumulator,3,1
91,signed_cut,fig3,exact_residual,residual,2,0
91,signed_cut,fig3,guard1_pack12,accumulator_grid,0,0
91,signed_cut,fig3,guard12_pack12,accumulator_grid,0,0
91,signed_cut,fig3,source_uncut,accumulator_grid,0,1
91,signed_cut,fig3,signed_floor,accumulator,3,1
92,signed_cut,fig3,exact_residual,residual,2,0
92,signed_cut,fig3,guard1_pack12,accumulator_grid,0,0
92,signed_cut,fig3,guard12_pack12,accumulator_grid,0,0
92,signed_cut,fig3,source_uncut,accumulator_grid,0,1
92,signed_cut,fig3,signed_floor,accumulator,3,1
93,term_cut,fig3,tie_b,selected_operand,0,0
93,term_cut,fig3,exact_residual,residual,2,0
93,term_cut,fig3,guard1_pack12,accumulator_grid,0,0
93,term_cut,fig3,guard12_pack12,accumulator_grid,0,1
93,term_cut,fig3,source_uncut,accumulator_grid,0,1
93,term_cut,fig3,post_sum_pack12,accumulator,3,1
93,term_cut,fig3,signed_floor,accumulator,3,1
94,guard_depth,fig3,tie_b,selected_operand,0,0
94,guard_depth,fig3,exact_residual,residual,2,0
94,guard_depth,fig3,guard1_pack12,accumulator_grid,0,0
94,guard_depth,fig3,guard12_pack12,accumulator_grid,0,1
94,guard_depth,fig3,source_uncut,accumulator_grid,0,1
94,guard_depth,fig3,post_sum_pack12,accumulator,3,1
94,guard_depth,fig3,signed_floor,accumulator,3,1
95,post_sum_cut,fig3,tie_b,selected_operand,0,0
95,post_sum_cut,fig3,exact_residual,residual,2,0
95,post_sum_cut,fig3,guard1_pack12,accumulator_grid,0,0
95,post_sum_cut,fig3,guard12_pack12,accumulator_grid,0,1
95,post_sum_cut,fig3,source_uncut,accumulator_grid,0,1
95,post_sum_cut,fig3,post_sum_pack12,accumulator,3,1
95,post_sum_cut,fig3,signed_floor,accumulator,3,1
96,signed_cut,fig3,tie_b,selected_operand,0,0
96,signed_cut,fig3,exact_residual,residual,2,0
96,signed_cut,fig3,guard1_pack12,accumulator_grid,0,0
96,signed_cut,fig3,guard12_pack12,accumulator_grid,0,1
96,signed_cut,fig3,source_uncut,accumulator_grid,0,1
96,signed_cut,fig3,post_sum_pack12,accumulator,3,1
96,signed_cut,fig3,signed_floor,accumulator,3,1
97,signed_cut,fig3,tie_b,selected_operand,0,0
97,signed_cut,fig3,exact_residual,residual,2,0
97,signed_cut,fig3,guard1_pack12,accumulator_grid,0,0
97,signed_cut,fig3,guard12_pack12,accumulator_grid,0,0
97,signed_cut,fig3,source_uncut,accumulator_grid,0,1
97,signed_cut,fig3,post_sum_pack12,accumulator,3,0
97,signed_cut,fig3,signed_floor,accumulator,3,1
98,term_cut,fig3,guard1_pack12,accumulator_grid,0,1
98,term_cut,fig3,guard12_pack12,accumulator_grid,0,1
98,term_cut,fig3,source_uncut,accumulator_grid,0,1
98,term_cut,fig3,post_sum_pack12,accumulator,3,1
99,post_sum_cut,fig3,guard1_pack12,accumulator_grid,0,1
99,post_sum_cut,fig3,guard12_pack12,accumulator_grid,0,1
99,post_sum_cut,fig3,source_uncut,accumulator_grid,0,1
99,post_sum_cut,fig3,post_sum_pack12,accumulator,3,1
100,term_cut,fig3,exact_residual,residual,4,0
100,term_cut,fig3,guard1_pack12,accumulator_grid,0,1
100,term_cut,fig3,guard12_pack12,accumulator_grid,0,1
100,term_cut,fig3,source_uncut,accumulator_grid,0,1
100,term_cut,fig3,post_sum_pack12,accumulator,3,1
101,guard_depth,fig3,exact_residual,residual,4,0
101,guard_depth,fig3,guard1_pack12,accumulator_grid,0,1
101,guard_depth,fig3,guard12_pack12,accumulator_grid,0,1
101,guard_depth,fig3,source_uncut,accumulator_grid,0,1
101,guard_depth,fig3,post_sum_pack12,accumulator,3,1
102,post_sum_cut,fig3,exact_residual,residual,4,0
102,post_sum_cut,fig3,guard1_pack12,accumulator_grid,0,1
102,post_sum_cut,fig3,guard12_pack12,accumulator_grid,0,1
102,post_sum_cut,fig3,source_uncut,accumulator_grid,0,1
102,post_sum_cut,fig3,post_sum_pack12,accumulator,3,1
103,term_cut,fig3,tie_b,selected_operand,0,1
103,term_cut,fig3,exact_residual,residual,2,0
103,term_cut,fig3,guard1_pack12,accumulator_grid,0,0
103,term_cut,fig3,guard12_pack12,accumulator_grid,0,1
103,term_cut,fig3,source_uncut,accumulator_grid,0,1
103,term_cut,fig3,post_sum_pack12,accumulator,3,1
103,term_cut,fig3,signed_floor,accumulator,3,1
104,guard_depth,fig3,tie_b,selected_operand,0,1
104,guard_depth,fig3,exact_residual,residual,2,0
104,guard_depth,fig3,guard1_pack12,accumulator_grid,0,0
104,guard_depth,fig3,guard12_pack12,accumulator_grid,0,1
104,guard_depth,fig3,source_uncut,accumulator_grid,0,1
104,guard_depth,fig3,post_sum_pack12,accumulator,3,1
104,guard_depth,fig3,signed_floor,accumulator,3,1
105,post_sum_cut,fig3,tie_b,selected_operand,0,1
105,post_sum_cut,fig3,exact_residual,residual,2,0
105,post_sum_cut,fig3,guard1_pack12,accumulator_grid,0,0
105,post_sum_cut,fig3,guard12_pack12,accumulator_grid,0,1
105,post_sum_cut,fig3,source_uncut,accumulator_grid,0,1
105,post_sum_cut,fig3,post_sum_pack12,accumulator,3,1
105,post_sum_cut,fig3,signed_floor,accumulator,3,1
106,signed_cut,fig3,tie_b,selected_operand,0,1
106,signed_cut,fig3,exact_residual,residual,2,0
106,signed_cut,fig3,guard1_pack12,accumulator_grid,0,0
106,signed_cut,fig3,guard12_pack12,accumulator_grid,0,1
106,signed_cut,fig3,source_uncut,accumulator_grid,0,1
106,signed_cut,fig3,post_sum_pack12,accumulator,3,1
106,signed_cut,fig3,signed_floor,accumulator,3,1
107,signed_cut,fig3,tie_b,selected_operand,0,1
107,signed_cut,fig3,exact_residual,residual,2,0
107,signed_cut,fig3,guard1_pack12,accumulator_grid,0,0
107,signed_cut,fig3,guard12_pack12,accumulator_grid,0,0
107,signed_cut,fig3,source_uncut,accumulator_grid,0,1
107,signed_cut,fig3,post_sum_pack12,accumulator,3,0
107,signed_cut,fig3,signed_floor,accumulator,3,1
108,signed_cut,fig3,exact_residual,residual,2,0
108,signed_cut,fig3,guard1_pack12,accumulator_grid,0,0
108,signed_cut,fig3,guard12_pack12,accumulator_grid,0,0
108,signed_cut,fig3,source_uncut,accumulator_grid,0,1
108,signed_cut,fig3,signed_floor,accumulator,3,1
109,signed_cut,fig3,exact_residual,residual,2,0
109,signed_cut,fig3,guard1_pack12,accumulator_grid,0,0
109,signed_cut,fig3,guard12_pack12,accumulator_grid,0,0
109,signed_cut,fig3,source_uncut,accumulator_grid,0,1
109,signed_cut,fig3,signed_floor,accumulator,3,1
110,term_cut,fig3,exact_residual,residual,2,0
110,term_cut,fig3,guard1_pack12,accumulator_grid,0,0
110,term_cut,fig3,guard12_pack12,accumulator_grid,0,1
110,term_cut,fig3,source_uncut,accumulator_grid,0,1
110,term_cut,fig3,post_sum_pack12,accumulator,3,1
110,term_cut,fig3,signed_floor,accumulator,3,1
111,guard_depth,fig3,exact_residual,residual,2,0
111,guard_depth,fig3,guard1_pack12,accumulator_grid,0,0
111,guard_depth,fig3,guard12_pack12,accumulator_grid,0,1
111,guard_depth,fig3,source_uncut,accumulator_grid,0,1
111,guard_depth,fig3,post_sum_pack12,accumulator,3,1
111,guard_depth,fig3,signed_floor,accumulator,3,1
112,post_sum_cut,fig3,exact_residual,residual,2,0
112,post_sum_cut,fig3,guard1_pack12,accumulator_grid,0,0
112,post_sum_cut,fig3,guard12_pack12,accumulator_grid,0,1
112,post_sum_cut,fig3,source_uncut,accumulator_grid,0,1
112,post_sum_cut,fig3,post_sum_pack12,accumulator,3,1
112,post_sum_cut,fig3,signed_floor,accumulator,3,1
113,signed_cut,fig3,exact_residual,residual,2,0
113,signed_cut,fig3,guard1_pack12,accumulator_grid,0,0
113,signed_cut,fig3,guard12_pack12,accumulator_grid,0,1
113,signed_cut,fig3,source_uncut,accumulator_grid,0,1
113,signed_cut,fig3,post_sum_pack12,accumulator,3,1
113,signed_cut,fig3,signed_floor,accumulator,3,1
114,signed_cut,fig3,exact_residual,residual,2,0
114,signed_cut,fig3,guard1_pack12,accumulator_grid,0,0
114,signed_cut,fig3,guard12_pack12,accumulator_grid,0,0
114,signed_cut,fig3,source_uncut,accumulator_grid,0,1
114,signed_cut,fig3,post_sum_pack12,accumulator,3,0
114,signed_cut,fig3,signed_floor,accumulator,3,1
115,signed_cut,fig3,exact_residual,residual,2,0
115,signed_cut,fig3,guard1_pack12,accumulator_grid,0,0
115,signed_cut,fig3,guard12_pack12,accumulator_grid,0,0
115,signed_cut,fig3,source_uncut,accumulator_grid,0,1
115,signed_cut,fig3,signed_floor,accumulator,3,1
116,signed_cut,fig3,exact_residual,residual,2,0
116,signed_cut,fig3,guard1_pack12,accumulator_grid,0,0
116,signed_cut,fig3,guard12_pack12,accumulator_grid,0,0
116,signed_cut,fig3,source_uncut,accumulator_grid,0,1
116,signed_cut,fig3,signed_floor,accumulator,3,1
117,term_cut,fig3,exact_residual,residual,2,0
117,term_cut,fig3,guard1_pack12,accumulator_grid,0,0
117,term_cut,fig3,guard12_pack12,accumulator_grid,0,1
117,term_cut,fig3,source_uncut,accumulator_grid,0,1
117,term_cut,fig3,post_sum_pack12,accumulator,3,1
117,term_cut,fig3,signed_floor,accumulator,3,1
118,guard_depth,fig3,exact_residual,residual,2,0
118,guard_depth,fig3,guard1_pack12,accumulator_grid,0,0
118,guard_depth,fig3,guard12_pack12,accumulator_grid,0,1
118,guard_depth,fig3,source_uncut,accumulator_grid,0,1
118,guard_depth,fig3,post_sum_pack12,accumulator,3,1
118,guard_depth,fig3,signed_floor,accumulator,3,1
119,post_sum_cut,fig3,exact_residual,residual,2,0
119,post_sum_cut,fig3,guard1_pack12,accumulator_grid,0,0
119,post_sum_cut,fig3,guard12_pack12,accumulator_grid,0,1
119,post_sum_cut,fig3,source_uncut,accumulator_grid,0,1
119,post_sum_cut,fig3,post_sum_pack12,accumulator,3,1
119,post_sum_cut,fig3,signed_floor,accumulator,3,1
120,signed_cut,fig3,exact_residual,residual,2,0
120,signed_cut,fig3,guard1_pack12,accumulator_grid,0,0
120,signed_cut,fig3,guard12_pack12,accumulator_grid,0,1
120,signed_cut,fig3,source_uncut,accumulator_grid,0,1
120,signed_cut,fig3,post_sum_pack12,accumulator,3,1
120,signed_cut,fig3,signed_floor,accumulator,3,1
121,signed_cut,fig3,exact_residual,residual,2,0
121,signed_cut,fig3,guard1_pack12,accumulator_grid,0,0
121,signed_cut,fig3,guard12_pack12,accumulator_grid,0,0
121,signed_cut,fig3,source_uncut,accumulator_grid,0,1
121,signed_cut,fig3,post_sum_pack12,accumulator,3,0
121,signed_cut,fig3,signed_floor,accumulator,3,1
122,signed_cut,fig3,exact_residual,residual,2,0
122,signed_cut,fig3,guard1_pack12,accumulator_grid,0,0
122,signed_cut,fig3,guard12_pack12,accumulator_grid,0,0
122,signed_cut,fig3,source_uncut,accumulator_grid,0,1
122,signed_cut,fig3,signed_floor,accumulator,3,1
123,signed_cut,fig3,exact_residual,residual,2,0
123,signed_cut,fig3,guard1_pack12,accumulator_grid,0,0
123,signed_cut,fig3,guard12_pack12,accumulator_grid,0,0
123,signed_cut,fig3,source_uncut,accumulator_grid,0,1
123,signed_cut,fig3,signed_floor,accumulator,3,1
124,term_cut,fig3,tie_b,selected_operand,0,0
124,term_cut,fig3,exact_residual,residual,2,0
124,term_cut,fig3,guard1_pack12,accumulator_grid,0,0
124,term_cut,fig3,guard12_pack12,accumulator_grid,0,1
124,term_cut,fig3,source_uncut,accumulator_grid,0,1
124,term_cut,fig3,post_sum_pack12,accumulator,3,1
124,term_cut,fig3,signed_floor,accumulator,3,1
125,guard_depth,fig3,tie_b,selected_operand,0,0
125,guard_depth,fig3,exact_residual,residual,2,0
125,guard_depth,fig3,guard1_pack12,accumulator_grid,0,0
125,guard_depth,fig3,guard12_pack12,accumulator_grid,0,1
125,guard_depth,fig3,source_uncut,accumulator_grid,0,1
125,guard_depth,fig3,post_sum_pack12,accumulator,3,1
125,guard_depth,fig3,signed_floor,accumulator,3,1
126,post_sum_cut,fig3,tie_b,selected_operand,0,0
126,post_sum_cut,fig3,exact_residual,residual,2,0
126,post_sum_cut,fig3,guard1_pack12,accumulator_grid,0,0
126,post_sum_cut,fig3,guard12_pack12,accumulator_grid,0,1
126,post_sum_cut,fig3,source_uncut,accumulator_grid,0,1
126,post_sum_cut,fig3,post_sum_pack12,accumulator,3,1
126,post_sum_cut,fig3,signed_floor,accumulator,3,1
127,signed_cut,fig3,tie_b,selected_operand,0,0
127,signed_cut,fig3,exact_residual,residual,2,0
127,signed_cut,fig3,guard1_pack12,accumulator_grid,0,0
127,signed_cut,fig3,guard12_pack12,accumulator_grid,0,1
127,signed_cut,fig3,source_uncut,accumulator_grid,0,1
127,signed_cut,fig3,post_sum_pack12,accumulator,3,1
127,signed_cut,fig3,signed_floor,accumulator,3,1
128,signed_cut,fig3,tie_b,selected_operand,0,0
128,signed_cut,fig3,exact_residual,residual,2,0
128,signed_cut,fig3,guard1_pack12,accumulator_grid,0,0
128,signed_cut,fig3,guard12_pack12,accumulator_grid,0,0
128,signed_cut,fig3,source_uncut,accumulator_grid,0,1
128,signed_cut,fig3,post_sum_pack12,accumulator,3,0
128,signed_cut,fig3,signed_floor,accumulator,3,1
129,term_cut,fig3,exact_residual,residual,3,0
129,term_cut,fig3,guard1_pack12,accumulator_grid,0,1
129,term_cut,fig3,guard12_pack12,accumulator_grid,0,1
129,term_cut,fig3,source_uncut,accumulator_grid,0,1
129,term_cut,fig3,post_sum_pack12,accumulator,3,1
130,post_sum_cut,fig3,exact_residual,residual,3,0
130,post_sum_cut,fig3,guard1_pack12,accumulator_grid,0,1
130,post_sum_cut,fig3,guard12_pack12,accumulator_grid,0,1
130,post_sum_cut,fig3,source_uncut,accumulator_grid,0,1
130,post_sum_cut,fig3,post_sum_pack12,accumulator,3,1
131,term_cut,fig3,exact_residual,residual,3,0
131,term_cut,fig3,guard1_pack12,accumulator_grid,0,1
131,term_cut,fig3,guard12_pack12,accumulator_grid,0,1
131,term_cut,fig3,source_uncut,accumulator_grid,0,1
131,term_cut,fig3,post_sum_pack12,accumulator,3,1
131,term_cut,fig3,signed_floor,accumulator,4,1
132,post_sum_cut,fig3,exact_residual,residual,3,0
132,post_sum_cut,fig3,guard1_pack12,accumulator_grid,0,1
132,post_sum_cut,fig3,guard12_pack12,accumulator_grid,0,1
132,post_sum_cut,fig3,source_uncut,accumulator_grid,0,1
132,post_sum_cut,fig3,post_sum_pack12,accumulator,3,1
132,post_sum_cut,fig3,signed_floor,accumulator,4,1
133,signed_cut,fig3,exact_residual,residual,3,0
133,signed_cut,fig3,guard1_pack12,accumulator_grid,0,1
133,signed_cut,fig3,guard12_pack12,accumulator_grid,0,1
133,signed_cut,fig3,source_uncut,accumulator_grid,0,1
133,signed_cut,fig3,post_sum_pack12,accumulator,3,1
133,signed_cut,fig3,signed_floor,accumulator,4,1
134,term_cut,fig3,tie_b,selected_operand,0,1
134,term_cut,fig3,exact_residual,residual,2,0
134,term_cut,fig3,guard1_pack12,accumulator_grid,0,0
134,term_cut,fig3,guard12_pack12,accumulator_grid,0,1
134,term_cut,fig3,source_uncut,accumulator_grid,0,1
134,term_cut,fig3,post_sum_pack12,accumulator,3,1
134,term_cut,fig3,signed_floor,accumulator,3,1
135,guard_depth,fig3,tie_b,selected_operand,0,1
135,guard_depth,fig3,exact_residual,residual,2,0
135,guard_depth,fig3,guard1_pack12,accumulator_grid,0,0
135,guard_depth,fig3,guard12_pack12,accumulator_grid,0,1
135,guard_depth,fig3,source_uncut,accumulator_grid,0,1
135,guard_depth,fig3,post_sum_pack12,accumulator,3,1
135,guard_depth,fig3,signed_floor,accumulator,3,1
136,post_sum_cut,fig3,tie_b,selected_operand,0,1
136,post_sum_cut,fig3,exact_residual,residual,2,0
136,post_sum_cut,fig3,guard1_pack12,accumulator_grid,0,0
136,post_sum_cut,fig3,guard12_pack12,accumulator_grid,0,1
136,post_sum_cut,fig3,source_uncut,accumulator_grid,0,1
136,post_sum_cut,fig3,post_sum_pack12,accumulator,3,1
136,post_sum_cut,fig3,signed_floor,accumulator,3,1
137,signed_cut,fig3,tie_b,selected_operand,0,1
137,signed_cut,fig3,exact_residual,residual,2,0
137,signed_cut,fig3,guard1_pack12,accumulator_grid,0,0
137,signed_cut,fig3,guard12_pack12,accumulator_grid,0,1
137,signed_cut,fig3,source_uncut,accumulator_grid,0,1
137,signed_cut,fig3,post_sum_pack12,accumulator,3,1
137,signed_cut,fig3,signed_floor,accumulator,3,1
138,signed_cut,fig3,tie_b,selected_operand,0,0
138,signed_cut,fig3,exact_residual,residual,2,0
138,signed_cut,fig3,guard1_pack12,accumulator_grid,0,0
138,signed_cut,fig3,guard12_pack12,accumulator_grid,0,0
138,signed_cut,fig3,source_uncut,accumulator_grid,0,1
138,signed_cut,fig3,post_sum_pack12,accumulator,3,0
138,signed_cut,fig3,signed_floor,accumulator,3,1
139,signed_cut,fig3,exact_residual,residual,2,0
139,signed_cut,fig3,guard1_pack12,accumulator_grid,0,0
139,signed_cut,fig3,guard12_pack12,accumulator_grid,0,0
139,signed_cut,fig3,source_uncut,accumulator_grid,0,1
139,signed_cut,fig3,signed_floor,accumulator,3,1
140,term_cut,fig3,exact_residual,residual,2,0
140,term_cut,fig3,guard1_pack12,accumulator_grid,0,0
140,term_cut,fig3,guard12_pack12,accumulator_grid,0,1
140,term_cut,fig3,source_uncut,accumulator_grid,0,1
140,term_cut,fig3,post_sum_pack12,accumulator,3,1
140,term_cut,fig3,signed_floor,accumulator,3,1
141,guard_depth,fig3,exact_residual,residual,2,0
141,guard_depth,fig3,guard1_pack12,accumulator_grid,0,0
141,guard_depth,fig3,guard12_pack12,accumulator_grid,0,1
141,guard_depth,fig3,source_uncut,accumulator_grid,0,1
141,guard_depth,fig3,post_sum_pack12,accumulator,3,1
141,guard_depth,fig3,signed_floor,accumulator,3,1
142,post_sum_cut,fig3,exact_residual,residual,2,0
142,post_sum_cut,fig3,guard1_pack12,accumulator_grid,0,0
142,post_sum_cut,fig3,guard12_pack12,accumulator_grid,0,1
142,post_sum_cut,fig3,source_uncut,accumulator_grid,0,1
142,post_sum_cut,fig3,post_sum_pack12,accumulator,3,1
142,post_sum_cut,fig3,signed_floor,accumulator,3,1
143,term_cut,fig3,exact_residual,residual,2,0
143,term_cut,fig3,guard1_pack12,accumulator_grid,0,0
143,term_cut,fig3,guard12_pack12,accumulator_grid,0,1
143,term_cut,fig3,source_uncut,accumulator_grid,0,1
143,term_cut,fig3,post_sum_pack12,accumulator,3,1
143,term_cut,fig3,signed_floor,accumulator,3,1
144,guard_depth,fig3,exact_residual,residual,2,0
144,guard_depth,fig3,guard1_pack12,accumulator_grid,0,0
144,guard_depth,fig3,guard12_pack12,accumulator_grid,0,1
144,guard_depth,fig3,source_uncut,accumulator_grid,0,1
144,guard_depth,fig3,post_sum_pack12,accumulator,3,1
144,guard_depth,fig3,signed_floor,accumulator,3,1
145,post_sum_cut,fig3,exact_residual,residual,2,0
145,post_sum_cut,fig3,guard1_pack12,accumulator_grid,0,0
145,post_sum_cut,fig3,guard12_pack12,accumulator_grid,0,1
145,post_sum_cut,fig3,source_uncut,accumulator_grid,0,1
145,post_sum_cut,fig3,post_sum_pack12,accumulator,3,1
145,post_sum_cut,fig3,signed_floor,accumulator,3,1
146,term_cut,fig3,exact_residual,residual,2,0
146,term_cut,fig3,guard1_pack12,accumulator_grid,0,0
146,term_cut,fig3,guard12_pack12,accumulator_grid,0,1
146,term_cut,fig3,source_uncut,accumulator_grid,0,1
146,term_cut,fig3,post_sum_pack12,accumulator,3,1
146,term_cut,fig3,signed_floor,accumulator,3,1
147,guard_depth,fig3,exact_residual,residual,2,0
147,guard_depth,fig3,guard1_pack12,accumulator_grid,0,0
147,guard_depth,fig3,guard12_pack12,accumulator_grid,0,1
147,guard_depth,fig3,source_uncut,accumulator_grid,0,1
147,guard_depth,fig3,post_sum_pack12,accumulator,3,1
147,guard_depth,fig3,signed_floor,accumulator,3,1
148,post_sum_cut,fig3,exact_residual,residual,2,0
148,post_sum_cut,fig3,guard1_pack12,accumulator_grid,0,0
148,post_sum_cut,fig3,guard12_pack12,accumulator_grid,0,1
148,post_sum_cut,fig3,source_uncut,accumulator_grid,0,1
148,post_sum_cut,fig3,post_sum_pack12,accumulator,3,1
148,post_sum_cut,fig3,signed_floor,accumulator,3,1
149,term_cut,fig3,exact_residual,residual,2,0
149,term_cut,fig3,guard1_pack12,accumulator_grid,0,0
149,term_cut,fig3,guard12_pack12,accumulator_grid,0,1
149,term_cut,fig3,source_uncut,accumulator_grid,0,1
149,term_cut,fig3,post_sum_pack12,accumulator,3,1
149,term_cut,fig3,signed_floor,accumulator,3,1
150,guard_depth,fig3,exact_residual,residual,2,0
150,guard_depth,fig3,guard1_pack12,accumulator_grid,0,0
150,guard_depth,fig3,guard12_pack12,accumulator_grid,0,1
150,guard_depth,fig3,source_uncut,accumulator_grid,0,1
150,guard_depth,fig3,post_sum_pack12,accumulator,3,1
150,guard_depth,fig3,signed_floor,accumulator,3,1
151,post_sum_cut,fig3,exact_residual,residual,2,0
151,post_sum_cut,fig3,guard1_pack12,accumulator_grid,0,0
151,post_sum_cut,fig3,guard12_pack12,accumulator_grid,0,1
151,post_sum_cut,fig3,source_uncut,accumulator_grid,0,1
151,post_sum_cut,fig3,post_sum_pack12,accumulator,3,1
151,post_sum_cut,fig3,signed_floor,accumulator,3,1
152,term_cut,fig3,exact_residual,residual,2,0
152,term_cut,fig3,guard1_pack12,accumulator_grid,0,0
152,term_cut,fig3,guard12_pack12,accumulator_grid,0,1
152,term_cut,fig3,source_uncut,accumulator_grid,0,1
152,term_cut,fig3,post_sum_pack12,accumulator,3,1
152,term_cut,fig3,signed_floor,accumulator,3,1
153,guard_depth,fig3,exact_residual,residual,2,0
153,guard_depth,fig3,guard1_pack12,accumulator_grid,0,0
153,guard_depth,fig3,guard12_pack12,accumulator_grid,0,1
153,guard_depth,fig3,source_uncut,accumulator_grid,0,1
153,guard_depth,fig3,post_sum_pack12,accumulator,3,1
153,guard_depth,fig3,signed_floor,accumulator,3,1
154,post_sum_cut,fig3,exact_residual,residual,2,0
154,post_sum_cut,fig3,guard1_pack12,accumulator_grid,0,0
154,post_sum_cut,fig3,guard12_pack12,accumulator_grid,0,1
154,post_sum_cut,fig3,source_uncut,accumulator_grid,0,1
154,post_sum_cut,fig3,post_sum_pack12,accumulator,3,1
154,post_sum_cut,fig3,signed_floor,accumulator,3,1
155,term_cut,fig3,exact_residual,residual,2,0
155,term_cut,fig3,guard1_pack12,accumulator_grid,0,0
155,term_cut,fig3,guard12_pack12,accumulator_grid,0,1
155,term_cut,fig3,source_uncut,accumulator_grid,0,1
155,term_cut,fig3,post_sum_pack12,accumulator,3,1
155,term_cut,fig3,signed_floor,accumulator,3,1
156,guard_depth,fig3,exact_residual,residual,2,0
156,guard_depth,fig3,guard1_pack12,accumulator_grid,0,0
156,guard_depth,fig3,guard12_pack12,accumulator_grid,0,1
156,guard_depth,fig3,source_uncut,accumulator_grid,0,1
156,guard_depth,fig3,post_sum_pack12,accumulator,3,1
156,guard_depth,fig3,signed_floor,accumulator,3,1
157,post_sum_cut,fig3,exact_residual,residual,2,0
157,post_sum_cut,fig3,guard1_pack12,accumulator_grid,0,0
157,post_sum_cut,fig3,guard12_pack12,accumulator_grid,0,1
157,post_sum_cut,fig3,source_uncut,accumulator_grid,0,1
157,post_sum_cut,fig3,post_sum_pack12,accumulator,3,1
157,post_sum_cut,fig3,signed_floor,accumulator,3,1
158,term_cut,fig3,tie_b,selected_operand,0,0
158,term_cut,fig3,exact_residual,residual,2,0
158,term_cut,fig3,guard1_pack12,accumulator_grid,0,0
158,term_cut,fig3,guard12_pack12,accumulator_grid,0,1
158,term_cut,fig3,source_uncut,accumulator_grid,0,1
158,term_cut,fig3,post_sum_pack12,accumulator,3,1
158,term_cut,fig3,signed_floor,accumulator,3,1
159,guard_depth,fig3,tie_b,selected_operand,0,0
159,guard_depth,fig3,exact_residual,residual,2,0
159,guard_depth,fig3,guard1_pack12,accumulator_grid,0,0
159,guard_depth,fig3,guard12_pack12,accumulator_grid,0,1
159,guard_depth,fig3,source_uncut,accumulator_grid,0,1
159,guard_depth,fig3,post_sum_pack12,accumulator,3,1
159,guard_depth,fig3,signed_floor,accumulator,3,1
160,post_sum_cut,fig3,tie_b,selected_operand,0,0
160,post_sum_cut,fig3,exact_residual,residual,2,0
160,post_sum_cut,fig3,guard1_pack12,accumulator_grid,0,0
160,post_sum_cut,fig3,guard12_pack12,accumulator_grid,0,1
160,post_sum_cut,fig3,source_uncut,accumulator_grid,0,1
160,post_sum_cut,fig3,post_sum_pack12,accumulator,3,1
160,post_sum_cut,fig3,signed_floor,accumulator,3,1
161,term_cut,fig3,exact_residual,residual,3,0
161,term_cut,fig3,guard1_pack12,accumulator_grid,0,1
161,term_cut,fig3,guard12_pack12,accumulator_grid,0,1
161,term_cut,fig3,source_uncut,accumulator_grid,0,1
161,term_cut,fig3,post_sum_pack12,accumulator,3,1
162,post_sum_cut,fig3,exact_residual,residual,3,0
162,post_sum_cut,fig3,guard1_pack12,accumulator_grid,0,1
162,post_sum_cut,fig3,guard12_pack12,accumulator_grid,0,1
162,post_sum_cut,fig3,source_uncut,accumulator_grid,0,1
162,post_sum_cut,fig3,post_sum_pack12,accumulator,3,1
163,term_cut,fig3,exact_residual,residual,2,0
163,term_cut,fig3,guard1_pack12,accumulator_grid,0,0
163,term_cut,fig3,guard12_pack12,accumulator_grid,0,1
163,term_cut,fig3,source_uncut,accumulator_grid,0,1
163,term_cut,fig3,post_sum_pack12,accumulator,3,1
163,term_cut,fig3,signed_floor,accumulator,3,1
164,guard_depth,fig3,exact_residual,residual,2,0
164,guard_depth,fig3,guard1_pack12,accumulator_grid,0,0
164,guard_depth,fig3,guard12_pack12,accumulator_grid,0,1
164,guard_depth,fig3,source_uncut,accumulator_grid,0,1
164,guard_depth,fig3,post_sum_pack12,accumulator,3,1
164,guard_depth,fig3,signed_floor,accumulator,3,1
165,post_sum_cut,fig3,exact_residual,residual,2,0
165,post_sum_cut,fig3,guard1_pack12,accumulator_grid,0,0
165,post_sum_cut,fig3,guard12_pack12,accumulator_grid,0,1
165,post_sum_cut,fig3,source_uncut,accumulator_grid,0,1
165,post_sum_cut,fig3,post_sum_pack12,accumulator,3,1
165,post_sum_cut,fig3,signed_floor,accumulator,3,1
166,term_cut,fig3,exact_residual,residual,2,0
166,term_cut,fig3,guard1_pack12,accumulator_grid,0,0
166,term_cut,fig3,guard12_pack12,accumulator_grid,0,1
166,term_cut,fig3,source_uncut,accumulator_grid,0,1
166,term_cut,fig3,post_sum_pack12,accumulator,3,1
166,term_cut,fig3,signed_floor,accumulator,3,1
167,guard_depth,fig3,exact_residual,residual,2,0
167,guard_depth,fig3,guard1_pack12,accumulator_grid,0,0
167,guard_depth,fig3,guard12_pack12,accumulator_grid,0,1
167,guard_depth,fig3,source_uncut,accumulator_grid,0,1
167,guard_depth,fig3,post_sum_pack12,accumulator,3,1
167,guard_depth,fig3,signed_floor,accumulator,3,1
168,post_sum_cut,fig3,exact_residual,residual,2,0
168,post_sum_cut,fig3,guard1_pack12,accumulator_grid,0,0
168,post_sum_cut,fig3,guard12_pack12,accumulator_grid,0,1
168,post_sum_cut,fig3,source_uncut,accumulator_grid,0,1
168,post_sum_cut,fig3,post_sum_pack12,accumulator,3,1
168,post_sum_cut,fig3,signed_floor,accumulator,3,1
169,term_cut,fig3,exact_residual,residual,2,0
169,term_cut,fig3,guard1_pack12,accumulator_grid,0,0
169,term_cut,fig3,guard12_pack12,accumulator_grid,0,1
169,term_cut,fig3,source_uncut,accumulator_grid,0,1
169,term_cut,fig3,post_sum_pack12,accumulator,3,1
169,term_cut,fig3,signed_floor,accumulator,3,1
170,guard_depth,fig3,exact_residual,residual,2,0
170,guard_depth,fig3,guard1_pack12,accumulator_grid,0,0
170,guard_depth,fig3,guard12_pack12,accumulator_grid,0,1
170,guard_depth,fig3,source_uncut,accumulator_grid,0,1
170,guard_depth,fig3,post_sum_pack12,accumulator,3,1
170,guard_depth,fig3,signed_floor,accumulator,3,1
171,post_sum_cut,fig3,exact_residual,residual,2,0
171,post_sum_cut,fig3,guard1_pack12,accumulator_grid,0,0
171,post_sum_cut,fig3,guard12_pack12,accumulator_grid,0,1
171,post_sum_cut,fig3,source_uncut,accumulator_grid,0,1
171,post_sum_cut,fig3,post_sum_pack12,accumulator,3,1
171,post_sum_cut,fig3,signed_floor,accumulator,3,1
172,term_cut,fig3,exact_residual,residual,2,0
172,term_cut,fig3,guard1_pack12,accumulator_grid,0,0
172,term_cut,fig3,guard12_pack12,accumulator_grid,0,1
172,term_cut,fig3,source_uncut,accumulator_grid,0,1
172,term_cut,fig3,post_sum_pack12,accumulator,3,1
172,term_cut,fig3,signed_floor,accumulator,3,1
173,guard_depth,fig3,exact_residual,residual,2,0
173,guard_depth,fig3,guard1_pack12,accumulator_grid,0,0
173,guard_depth,fig3,guard12_pack12,accumulator_grid,0,1
173,guard_depth,fig3,source_uncut,accumulator_grid,0,1
173,guard_depth,fig3,post_sum_pack12,accumulator,3,1
173,guard_depth,fig3,signed_floor,accumulator,3,1
174,post_sum_cut,fig3,exact_residual,residual,2,0
174,post_sum_cut,fig3,guard1_pack12,accumulator_grid,0,0
174,post_sum_cut,fig3,guard12_pack12,accumulator_grid,0,1
174,post_sum_cut,fig3,source_uncut,accumulator_grid,0,1
174,post_sum_cut,fig3,post_sum_pack12,accumulator,3,1
174,post_sum_cut,fig3,signed_floor,accumulator,3,1
175,term_cut,fig3,exact_residual,residual,2,0
175,term_cut,fig3,guard1_pack12,accumulator_grid,0,0
175,term_cut,fig3,guard12_pack12,accumulator_grid,0,1
175,term_cut,fig3,source_uncut,accumulator_grid,0,1
175,term_cut,fig3,post_sum_pack12,accumulator,3,1
175,term_cut,fig3,signed_floor,accumulator,3,1
176,guard_depth,fig3,exact_residual,residual,2,0
176,guard_depth,fig3,guard1_pack12,accumulator_grid,0,0
176,guard_depth,fig3,guard12_pack12,accumulator_grid,0,1
176,guard_depth,fig3,source_uncut,accumulator_grid,0,1
176,guard_depth,fig3,post_sum_pack12,accumulator,3,1
176,guard_depth,fig3,signed_floor,accumulator,3,1
177,post_sum_cut,fig3,exact_residual,residual,2,0
177,post_sum_cut,fig3,guard1_pack12,accumulator_grid,0,0
177,post_sum_cut,fig3,guard12_pack12,accumulator_grid,0,1
177,post_sum_cut,fig3,source_uncut,accumulator_grid,0,1
177,post_sum_cut,fig3,post_sum_pack12,accumulator,3,1
177,post_sum_cut,fig3,signed_floor,accumulator,3,1
178,term_cut,fig3,exact_residual,residual,2,0
178,term_cut,fig3,guard1_pack12,accumulator_grid,0,0
178,term_cut,fig3,guard12_pack12,accumulator_grid,0,1
178,term_cut,fig3,source_uncut,accumulator_grid,0,1
178,term_cut,fig3,post_sum_pack12,accumulator,3,1
178,term_cut,fig3,signed_floor,accumulator,3,1
179,guard_depth,fig3,exact_residual,residual,2,0
179,guard_depth,fig3,guard1_pack12,accumulator_grid,0,0
179,guard_depth,fig3,guard12_pack12,accumulator_grid,0,1
179,guard_depth,fig3,source_uncut,accumulator_grid,0,1
179,guard_depth,fig3,post_sum_pack12,accumulator,3,1
179,guard_depth,fig3,signed_floor,accumulator,3,1
180,post_sum_cut,fig3,exact_residual,residual,2,0
180,post_sum_cut,fig3,guard1_pack12,accumulator_grid,0,0
180,post_sum_cut,fig3,guard12_pack12,accumulator_grid,0,1
180,post_sum_cut,fig3,source_uncut,accumulator_grid,0,1
180,post_sum_cut,fig3,post_sum_pack12,accumulator,3,1
180,post_sum_cut,fig3,signed_floor,accumulator,3,1
181,term_cut,fig3,exact_residual,residual,2,0
181,term_cut,fig3,guard1_pack12,accumulator_grid,0,0
181,term_cut,fig3,guard12_pack12,accumulator_grid,0,1
181,term_cut,fig3,source_uncut,accumulator_grid,0,1
181,term_cut,fig3,post_sum_pack12,accumulator,3,1
181,term_cut,fig3,signed_floor,accumulator,3,1
182,guard_depth,fig3,exact_residual,residual,2,0
182,guard_depth,fig3,guard1_pack12,accumulator_grid,0,0
182,guard_depth,fig3,guard12_pack12,accumulator_grid,0,1
182,guard_depth,fig3,source_uncut,accumulator_grid,0,1
182,guard_depth,fig3,post_sum_pack12,accumulator,3,1
182,guard_depth,fig3,signed_floor,accumulator,3,1
183,post_sum_cut,fig3,exact_residual,residual,2,0
183,post_sum_cut,fig3,guard1_pack12,accumulator_grid,0,0
183,post_sum_cut,fig3,guard12_pack12,accumulator_grid,0,1
183,post_sum_cut,fig3,source_uncut,accumulator_grid,0,1
183,post_sum_cut,fig3,post_sum_pack12,accumulator,3,1
183,post_sum_cut,fig3,signed_floor,accumulator,3,1
184,term_cut,fig3,exact_residual,residual,2,0
184,term_cut,fig3,guard1_pack12,accumulator_grid,0,0
184,term_cut,fig3,guard12_pack12,accumulator_grid,0,1
184,term_cut,fig3,source_uncut,accumulator_grid,0,1
184,term_cut,fig3,post_sum_pack12,accumulator,3,1
184,term_cut,fig3,signed_floor,accumulator,3,1
185,guard_depth,fig3,exact_residual,residual,2,0
185,guard_depth,fig3,guard1_pack12,accumulator_grid,0,0
185,guard_depth,fig3,guard12_pack12,accumulator_grid,0,1
185,guard_depth,fig3,source_uncut,accumulator_grid,0,1
185,guard_depth,fig3,post_sum_pack12,accumulator,3,1
185,guard_depth,fig3,signed_floor,accumulator,3,1
186,post_sum_cut,fig3,exact_residual,residual,2,0
186,post_sum_cut,fig3,guard1_pack12,accumulator_grid,0,0
186,post_sum_cut,fig3,guard12_pack12,accumulator_grid,0,1
186,post_sum_cut,fig3,source_uncut,accumulator_grid,0,1
186,post_sum_cut,fig3,post_sum_pack12,accumulator,3,1
186,post_sum_cut,fig3,signed_floor,accumulator,3,1
187,guard_depth,fig3,exact_residual,residual,2,0
187,guard_depth,fig3,guard1_pack12,accumulator_grid,0,0
187,guard_depth,fig3,guard12_pack12,accumulator_grid,0,1
187,guard_depth,fig3,source_uncut,accumulator_grid,0,1
187,guard_depth,fig3,post_sum_pack12,accumulator,3,1
187,guard_depth,fig3,signed_floor,accumulator,3,1
188,guard_depth,fig3,exact_residual,residual,2,0
188,guard_depth,fig3,guard1_pack12,accumulator_grid,0,0
188,guard_depth,fig3,guard12_pack12,accumulator_grid,0,1
188,guard_depth,fig3,source_uncut,accumulator_grid,0,1
188,guard_depth,fig3,post_sum_pack12,accumulator,3,1
188,guard_depth,fig3,signed_floor,accumulator,3,1
189,guard_depth,fig3,exact_residual,residual,2,0
189,guard_depth,fig3,guard1_pack12,accumulator_grid,0,0
189,guard_depth,fig3,guard12_pack12,accumulator_grid,0,1
189,guard_depth,fig3,source_uncut,accumulator_grid,0,1
189,guard_depth,fig3,post_sum_pack12,accumulator,3,1
189,guard_depth,fig3,signed_floor,accumulator,3,1
190,guard_depth,fig3,exact_residual,residual,2,0
190,guard_depth,fig3,guard1_pack12,accumulator_grid,0,0
190,guard_depth,fig3,guard12_pack12,accumulator_grid,0,1
190,guard_depth,fig3,source_uncut,accumulator_grid,0,1
190,guard_depth,fig3,post_sum_pack12,accumulator,3,1
190,guard_depth,fig3,signed_floor,accumulator,3,1
191,guard_depth,fig3,exact_residual,residual,2,0
191,guard_depth,fig3,guard1_pack12,accumulator_grid,0,0
191,guard_depth,fig3,guard12_pack12,accumulator_grid,0,1
191,guard_depth,fig3,source_uncut,accumulator_grid,0,1
191,guard_depth,fig3,post_sum_pack12,accumulator,3,1
191,guard_depth,fig3,signed_floor,accumulator,3,1
192,guard_depth,fig3,exact_residual,residual,2,0
192,guard_depth,fig3,guard1_pack12,accumulator_grid,0,0
192,guard_depth,fig3,guard12_pack12,accumulator_grid,0,1
192,guard_depth,fig3,source_uncut,accumulator_grid,0,1
192,guard_depth,fig3,post_sum_pack12,accumulator,3,1
192,guard_depth,fig3,signed_floor,accumulator,3,1
193,anchor_cut,fig3,input_anchor,anchor,0,1
193,anchor_cut,fig3,exact_residual,residual,1,0
193,anchor_cut,fig3,guard1_pack12,accumulator_grid,0,1
193,anchor_cut,fig3,guard12_pack12,accumulator_grid,0,1
193,anchor_cut,fig3,source_uncut,accumulator_grid,0,1
193,anchor_cut,fig3,post_sum_pack12,accumulator,2,1
193,anchor_cut,fig3,signed_floor,accumulator,2,1
194,rnd_boundary,fig3,input_anchor,anchor,0,0
194,rnd_boundary,fig3,exact_residual,residual,1,1
194,rnd_boundary,fig3,guard1_pack12,accumulator_grid,0,0
194,rnd_boundary,fig3,guard12_pack12,accumulator_grid,0,1
194,rnd_boundary,fig3,source_uncut,accumulator_grid,0,1
194,rnd_boundary,fig3,post_sum_pack12,accumulator,2,1
194,rnd_boundary,fig3,signed_floor,accumulator,2,1
195,anchor_cut,fig3,input_anchor,anchor,0,1
195,anchor_cut,fig3,exact_residual,residual,1,0
195,anchor_cut,fig3,guard1_pack12,accumulator_grid,0,1
195,anchor_cut,fig3,guard12_pack12,accumulator_grid,0,1
195,anchor_cut,fig3,source_uncut,accumulator_grid,0,1
195,anchor_cut,fig3,post_sum_pack12,accumulator,2,1
195,anchor_cut,fig3,signed_floor,accumulator,2,1
196,anchor_cut,fig3,input_anchor,anchor,0,1
196,anchor_cut,fig3,exact_residual,residual,1,0
196,anchor_cut,fig3,guard1_pack12,accumulator_grid,0,1
196,anchor_cut,fig3,guard12_pack12,accumulator_grid,0,1
196,anchor_cut,fig3,source_uncut,accumulator_grid,0,1
196,anchor_cut,fig3,post_sum_pack12,accumulator,2,1
196,anchor_cut,fig3,signed_floor,accumulator,2,1
197,anchor_cut,fig3,input_anchor,anchor,0,1
197,anchor_cut,fig3,exact_residual,residual,1,0
197,anchor_cut,fig3,guard1_pack12,accumulator_grid,0,1
197,anchor_cut,fig3,guard12_pack12,accumulator_grid,0,1
197,anchor_cut,fig3,source_uncut,accumulator_grid,0,1
197,anchor_cut,fig3,post_sum_pack12,accumulator,2,1
197,anchor_cut,fig3,signed_floor,accumulator,2,1
198,anchor_cut,fig3,input_anchor,anchor,0,1
198,anchor_cut,fig3,exact_residual,residual,1,0
198,anchor_cut,fig3,guard1_pack12,accumulator_grid,0,1
198,anchor_cut,fig3,guard12_pack12,accumulator_grid,0,1
198,anchor_cut,fig3,source_uncut,accumulator_grid,0,1
198,anchor_cut,fig3,post_sum_pack12,accumulator,2,1
198,anchor_cut,fig3,signed_floor,accumulator,2,1
199,anchor_cut,fig3,input_anchor,anchor,0,1
199,anchor_cut,fig3,exact_residual,residual,1,0
199,anchor_cut,fig3,guard1_pack12,accumulator_grid,0,1
199,anchor_cut,fig3,guard12_pack12,accumulator_grid,0,1
199,anchor_cut,fig3,source_uncut,accumulator_grid,0,1
199,anchor_cut,fig3,post_sum_pack12,accumulator,2,1
199,anchor_cut,fig3,signed_floor,accumulator,2,1
200,anchor_cut,fig3,input_anchor,anchor,0,1
200,anchor_cut,fig3,exact_residual,residual,1,0
200,anchor_cut,fig3,guard1_pack12,accumulator_grid,0,1
200,anchor_cut,fig3,guard12_pack12,accumulator_grid,0,1
200,anchor_cut,fig3,source_uncut,accumulator_grid,0,1
200,anchor_cut,fig3,post_sum_pack12,accumulator,2,1
200,anchor_cut,fig3,signed_floor,accumulator,2,1
201,anchor_cut,fig3,input_anchor,anchor,0,1
201,anchor_cut,fig3,exact_residual,residual,1,0
201,anchor_cut,fig3,guard1_pack12,accumulator_grid,0,1
201,anchor_cut,fig3,guard12_pack12,accumulator_grid,0,1
201,anchor_cut,fig3,source_uncut,accumulator_grid,0,1
201,anchor_cut,fig3,post_sum_pack12,accumulator,2,1
201,anchor_cut,fig3,signed_floor,accumulator,2,1
202,prefix126_127,fig3,legacy7,selected_operand,0,1
202,prefix126_127,fig3,input_anchor,anchor,0,1
202,prefix126_127,fig3,exact_residual,residual,1,0
202,prefix126_127,fig3,guard1_pack12,accumulator_grid,0,1
202,prefix126_127,fig3,guard12_pack12,accumulator_grid,0,1
202,prefix126_127,fig3,source_uncut,accumulator_grid,0,1
202,prefix126_127,fig3,post_sum_pack12,accumulator,2,1
202,prefix126_127,fig3,signed_floor,accumulator,2,1
203,anchor_cut,fig3,legacy7,selected_operand,0,1
203,anchor_cut,fig3,input_anchor,anchor,0,1
203,anchor_cut,fig3,exact_residual,residual,1,0
203,anchor_cut,fig3,guard1_pack12,accumulator_grid,0,1
203,anchor_cut,fig3,guard12_pack12,accumulator_grid,0,1
203,anchor_cut,fig3,source_uncut,accumulator_grid,0,1
203,anchor_cut,fig3,post_sum_pack12,accumulator,2,1
203,anchor_cut,fig3,signed_floor,accumulator,2,1
204,prefix126_127,fig3,legacy7,selected_operand,0,1
204,prefix126_127,fig3,input_anchor,anchor,0,1
204,prefix126_127,fig3,exact_residual,residual,1,1
204,prefix126_127,fig3,guard1_pack12,accumulator_grid,0,1
204,prefix126_127,fig3,guard12_pack12,accumulator_grid,0,1
204,prefix126_127,fig3,source_uncut,accumulator_grid,0,1
204,prefix126_127,fig3,post_sum_pack12,accumulator,2,1
204,prefix126_127,fig3,signed_floor,accumulator,2,1
205,rnd_boundary,fig3,legacy7,selected_operand,0,1
205,rnd_boundary,fig3,input_anchor,anchor,0,1
205,rnd_boundary,fig3,exact_residual,residual,1,1
205,rnd_boundary,fig3,guard1_pack12,accumulator_grid,0,1
205,rnd_boundary,fig3,guard12_pack12,accumulator_grid,0,1
205,rnd_boundary,fig3,source_uncut,accumulator_grid,0,1
205,rnd_boundary,fig3,post_sum_pack12,accumulator,2,1
205,rnd_boundary,fig3,signed_floor,accumulator,2,1
206,anchor_cut,fig3,legacy7,selected_operand,0,1
206,anchor_cut,fig3,input_anchor,anchor,0,1
206,anchor_cut,fig3,exact_residual,residual,1,1
206,anchor_cut,fig3,guard1_pack12,accumulator_grid,0,1
206,anchor_cut,fig3,guard12_pack12,accumulator_grid,0,1
206,anchor_cut,fig3,source_uncut,accumulator_grid,0,1
206,anchor_cut,fig3,post_sum_pack12,accumulator,2,1
206,anchor_cut,fig3,signed_floor,accumulator,2,1
207,prefix126_127,fig3,legacy7,selected_operand,0,1
207,prefix126_127,fig3,input_anchor,anchor,0,1
207,prefix126_127,fig3,exact_residual,residual,1,1
207,prefix126_127,fig3,guard1_pack12,accumulator_grid,0,1
207,prefix126_127,fig3,guard12_pack12,accumulator_grid,0,1
207,prefix126_127,fig3,source_uncut,accumulator_grid,0,1
207,prefix126_127,fig3,post_sum_pack12,accumulator,2,1
207,prefix126_127,fig3,signed_floor,accumulator,2,1
208,rnd_boundary,fig3,legacy7,selected_operand,0,1
208,rnd_boundary,fig3,input_anchor,anchor,0,1
208,rnd_boundary,fig3,exact_residual,residual,1,1
208,rnd_boundary,fig3,guard1_pack12,accumulator_grid,0,1
208,rnd_boundary,fig3,guard12_pack12,accumulator_grid,0,1
208,rnd_boundary,fig3,source_uncut,accumulator_grid,0,1
208,rnd_boundary,fig3,post_sum_pack12,accumulator,2,1
208,rnd_boundary,fig3,signed_floor,accumulator,2,1
209,anchor_cut,fig3,legacy7,selected_operand,0,1
209,anchor_cut,fig3,input_anchor,anchor,0,1
209,anchor_cut,fig3,exact_residual,residual,1,1
209,anchor_cut,fig3,guard1_pack12,accumulator_grid,0,1
209,anchor_cut,fig3,guard12_pack12,accumulator_grid,0,1
209,anchor_cut,fig3,source_uncut,accumulator_grid,0,1
209,anchor_cut,fig3,post_sum_pack12,accumulator,2,1
209,anchor_cut,fig3,signed_floor,accumulator,2,1
210,anchor_cut,fig3,legacy7,selected_operand,0,0
210,anchor_cut,fig3,input_anchor,anchor,0,1
210,anchor_cut,fig3,exact_residual,residual,1,0
210,anchor_cut,fig3,guard1_pack12,accumulator_grid,0,1
210,anchor_cut,fig3,guard12_pack12,accumulator_grid,0,1
210,anchor_cut,fig3,source_uncut,accumulator_grid,0,1
210,anchor_cut,fig3,post_sum_pack12,accumulator,2,1
210,anchor_cut,fig3,signed_floor,accumulator,2,1
211,prefix126_127,fig3,legacy7,selected_operand,0,1
211,prefix126_127,fig3,input_anchor,anchor,0,0
211,prefix126_127,fig3,exact_residual,residual,1,0
211,prefix126_127,fig3,guard1_pack12,accumulator_grid,0,0
211,prefix126_127,fig3,guard12_pack12,accumulator_grid,0,1
211,prefix126_127,fig3,source_uncut,accumulator_grid,0,1
211,prefix126_127,fig3,post_sum_pack12,accumulator,2,1
211,prefix126_127,fig3,signed_floor,accumulator,2,1
212,prefix126_127,fig3,legacy7,selected_operand,0,1
212,prefix126_127,fig3,input_anchor,anchor,0,0
212,prefix126_127,fig3,exact_residual,residual,1,0
212,prefix126_127,fig3,guard1_pack12,accumulator_grid,0,0
212,prefix126_127,fig3,guard12_pack12,accumulator_grid,0,1
212,prefix126_127,fig3,source_uncut,accumulator_grid,0,1
212,prefix126_127,fig3,post_sum_pack12,accumulator,2,1
212,prefix126_127,fig3,signed_floor,accumulator,2,1
213,anchor_cut,fig3,tie_b,selected_operand,0,0
213,anchor_cut,fig3,input_anchor,anchor,0,1
213,anchor_cut,fig3,exact_residual,residual,1,0
213,anchor_cut,fig3,guard1_pack12,accumulator_grid,0,1
213,anchor_cut,fig3,guard12_pack12,accumulator_grid,0,1
213,anchor_cut,fig3,source_uncut,accumulator_grid,0,1
214,anchor_cut,fig3,tie_b,selected_operand,0,0
214,anchor_cut,fig3,input_anchor,anchor,0,1
214,anchor_cut,fig3,exact_residual,residual,1,0
214,anchor_cut,fig3,guard1_pack12,accumulator_grid,0,1
214,anchor_cut,fig3,guard12_pack12,accumulator_grid,0,0
214,anchor_cut,fig3,source_uncut,accumulator_grid,0,1
214,anchor_cut,fig3,signed_floor,accumulator,4,1
215,anchor_cut,fig3,tie_b,selected_operand,0,0
215,anchor_cut,fig3,input_anchor,anchor,0,1
215,anchor_cut,fig3,exact_residual,residual,1,0
215,anchor_cut,fig3,guard1_pack12,accumulator_grid,0,1
215,anchor_cut,fig3,guard12_pack12,accumulator_grid,0,1
215,anchor_cut,fig3,source_uncut,accumulator_grid,0,1
215,anchor_cut,fig3,post_sum_pack12,accumulator,2,1
215,anchor_cut,fig3,signed_floor,accumulator,2,1
216,anchor_cut,fig3,tie_b,selected_operand,0,1
216,anchor_cut,fig3,input_anchor,anchor,0,1
216,anchor_cut,fig3,exact_residual,residual,1,0
216,anchor_cut,fig3,guard1_pack12,accumulator_grid,0,1
216,anchor_cut,fig3,guard12_pack12,accumulator_grid,0,1
216,anchor_cut,fig3,source_uncut,accumulator_grid,0,1
216,anchor_cut,fig3,post_sum_pack12,accumulator,2,1
216,anchor_cut,fig3,signed_floor,accumulator,2,1
217,anchor_cut,fig3,tie_b,selected_operand,0,1
217,anchor_cut,fig3,input_anchor,anchor,0,1
217,anchor_cut,fig3,exact_residual,residual,1,0
217,anchor_cut,fig3,guard1_pack12,accumulator_grid,0,1
217,anchor_cut,fig3,guard12_pack12,accumulator_grid,0,0
217,anchor_cut,fig3,source_uncut,accumulator_grid,0,1
217,anchor_cut,fig3,post_sum_pack12,accumulator,2,0
217,anchor_cut,fig3,signed_floor,accumulator,2,1
218,anchor_cut,fig3,tie_b,selected_operand,0,1
218,anchor_cut,fig3,input_anchor,anchor,0,1
218,anchor_cut,fig3,exact_residual,residual,1,0
218,anchor_cut,fig3,guard1_pack12,accumulator_grid,0,1
218,anchor_cut,fig3,guard12_pack12,accumulator_grid,0,0
218,anchor_cut,fig3,source_uncut,accumulator_grid,0,1
218,anchor_cut,fig3,post_sum_pack12,accumulator,2,0
218,anchor_cut,fig3,signed_floor,accumulator,2,1
219,anchor_cut,fig3,input_anchor,anchor,0,1
219,anchor_cut,fig3,exact_residual,residual,1,0
219,anchor_cut,fig3,guard1_pack12,accumulator_grid,0,1
219,anchor_cut,fig3,guard12_pack12,accumulator_grid,0,1
219,anchor_cut,fig3,source_uncut,accumulator_grid,0,1
220,anchor_cut,fig3,input_anchor,anchor,0,1
220,anchor_cut,fig3,exact_residual,residual,1,0
220,anchor_cut,fig3,guard1_pack12,accumulator_grid,0,1
220,anchor_cut,fig3,guard12_pack12,accumulator_grid,0,0
220,anchor_cut,fig3,source_uncut,accumulator_grid,0,1
220,anchor_cut,fig3,signed_floor,accumulator,4,1
221,anchor_cut,fig3,tie_b,selected_operand,0,1
221,anchor_cut,fig3,input_anchor,anchor,0,1
221,anchor_cut,fig3,exact_residual,residual,1,0
221,anchor_cut,fig3,guard1_pack12,accumulator_grid,0,1
221,anchor_cut,fig3,guard12_pack12,accumulator_grid,0,1
221,anchor_cut,fig3,source_uncut,accumulator_grid,0,1
221,anchor_cut,fig3,post_sum_pack12,accumulator,2,1
221,anchor_cut,fig3,signed_floor,accumulator,2,1
222,anchor_cut,fig3,input_anchor,anchor,0,1
222,anchor_cut,fig3,exact_residual,residual,1,0
222,anchor_cut,fig3,guard1_pack12,accumulator_grid,0,1
222,anchor_cut,fig3,guard12_pack12,accumulator_grid,0,1
222,anchor_cut,fig3,source_uncut,accumulator_grid,0,1
222,anchor_cut,fig3,post_sum_pack12,accumulator,2,1
222,anchor_cut,fig3,signed_floor,accumulator,2,1
223,anchor_cut,fig3,input_anchor,anchor,0,1
223,anchor_cut,fig3,exact_residual,residual,1,0
223,anchor_cut,fig3,guard1_pack12,accumulator_grid,0,1
223,anchor_cut,fig3,guard12_pack12,accumulator_grid,0,0
223,anchor_cut,fig3,source_uncut,accumulator_grid,0,1
223,anchor_cut,fig3,post_sum_pack12,accumulator,2,0
223,anchor_cut,fig3,signed_floor,accumulator,2,1
224,anchor_cut,fig3,input_anchor,anchor,0,1
224,anchor_cut,fig3,exact_residual,residual,1,0
224,anchor_cut,fig3,guard1_pack12,accumulator_grid,0,1
224,anchor_cut,fig3,guard12_pack12,accumulator_grid,0,0
224,anchor_cut,fig3,source_uncut,accumulator_grid,0,1
224,anchor_cut,fig3,post_sum_pack12,accumulator,2,0
224,anchor_cut,fig3,signed_floor,accumulator,2,1
225,anchor_cut,fig3,input_anchor,anchor,0,1
225,anchor_cut,fig3,exact_residual,residual,1,0
225,anchor_cut,fig3,guard1_pack12,accumulator_grid,0,1
225,anchor_cut,fig3,guard12_pack12,accumulator_grid,0,1
225,anchor_cut,fig3,source_uncut,accumulator_grid,0,1
226,anchor_cut,fig3,input_anchor,anchor,0,1
226,anchor_cut,fig3,exact_residual,residual,1,0
226,anchor_cut,fig3,guard1_pack12,accumulator_grid,0,1
226,anchor_cut,fig3,guard12_pack12,accumulator_grid,0,0
226,anchor_cut,fig3,source_uncut,accumulator_grid,0,1
226,anchor_cut,fig3,signed_floor,accumulator,4,1
227,anchor_cut,fig3,tie_b,selected_operand,0,1
227,anchor_cut,fig3,input_anchor,anchor,0,1
227,anchor_cut,fig3,exact_residual,residual,1,0
227,anchor_cut,fig3,guard1_pack12,accumulator_grid,0,1
227,anchor_cut,fig3,guard12_pack12,accumulator_grid,0,1
227,anchor_cut,fig3,source_uncut,accumulator_grid,0,1
227,anchor_cut,fig3,post_sum_pack12,accumulator,2,1
227,anchor_cut,fig3,signed_floor,accumulator,2,1
228,anchor_cut,fig3,input_anchor,anchor,0,1
228,anchor_cut,fig3,exact_residual,residual,1,0
228,anchor_cut,fig3,guard1_pack12,accumulator_grid,0,1
228,anchor_cut,fig3,guard12_pack12,accumulator_grid,0,1
228,anchor_cut,fig3,source_uncut,accumulator_grid,0,1
228,anchor_cut,fig3,post_sum_pack12,accumulator,2,1
228,anchor_cut,fig3,signed_floor,accumulator,2,1
229,anchor_cut,fig3,input_anchor,anchor,0,1
229,anchor_cut,fig3,exact_residual,residual,1,0
229,anchor_cut,fig3,guard1_pack12,accumulator_grid,0,1
229,anchor_cut,fig3,guard12_pack12,accumulator_grid,0,0
229,anchor_cut,fig3,source_uncut,accumulator_grid,0,1
229,anchor_cut,fig3,post_sum_pack12,accumulator,2,0
229,anchor_cut,fig3,signed_floor,accumulator,2,1
230,anchor_cut,fig3,input_anchor,anchor,0,1
230,anchor_cut,fig3,exact_residual,residual,1,0
230,anchor_cut,fig3,guard1_pack12,accumulator_grid,0,1
230,anchor_cut,fig3,guard12_pack12,accumulator_grid,0,0
230,anchor_cut,fig3,source_uncut,accumulator_grid,0,1
230,anchor_cut,fig3,post_sum_pack12,accumulator,2,0
230,anchor_cut,fig3,signed_floor,accumulator,2,1
231,anchor_cut,fig3,input_anchor,anchor,0,1
231,anchor_cut,fig3,exact_residual,residual,1,0
231,anchor_cut,fig3,guard1_pack12,accumulator_grid,0,1
231,anchor_cut,fig3,guard12_pack12,accumulator_grid,0,1
231,anchor_cut,fig3,source_uncut,accumulator_grid,0,1
232,anchor_cut,fig3,input_anchor,anchor,0,1
232,anchor_cut,fig3,exact_residual,residual,1,0
232,anchor_cut,fig3,guard1_pack12,accumulator_grid,0,1
232,anchor_cut,fig3,guard12_pack12,accumulator_grid,0,0
232,anchor_cut,fig3,source_uncut,accumulator_grid,0,1
232,anchor_cut,fig3,signed_floor,accumulator,4,1
233,rnd_boundary,fig3,tie_b,selected_operand,0,1
233,rnd_boundary,fig3,input_anchor,anchor,0,0
233,rnd_boundary,fig3,exact_residual,residual,1,1
233,rnd_boundary,fig3,guard1_pack12,accumulator_grid,0,0
233,rnd_boundary,fig3,guard12_pack12,accumulator_grid,0,0
233,rnd_boundary,fig3,source_uncut,accumulator_grid,0,0
234,rnd_boundary,fig3,tie_b,selected_operand,0,1
234,rnd_boundary,fig3,input_anchor,anchor,0,0
234,rnd_boundary,fig3,exact_residual,residual,1,1
234,rnd_boundary,fig3,guard1_pack12,accumulator_grid,0,0
234,rnd_boundary,fig3,guard12_pack12,accumulator_grid,0,1
234,rnd_boundary,fig3,source_uncut,accumulator_grid,0,1
234,rnd_boundary,fig3,post_sum_pack12,accumulator,4,1
234,rnd_boundary,fig3,signed_floor,accumulator,4,1
235,rnd_boundary,fig3,tie_b,selected_operand,0,1
235,rnd_boundary,fig3,input_anchor,anchor,0,1
235,rnd_boundary,fig3,exact_residual,residual,1,1
235,rnd_boundary,fig3,guard1_pack12,accumulator_grid,0,1
235,rnd_boundary,fig3,guard12_pack12,accumulator_grid,0,1
235,rnd_boundary,fig3,source_uncut,accumulator_grid,0,1
235,rnd_boundary,fig3,post_sum_pack12,accumulator,2,1
235,rnd_boundary,fig3,signed_floor,accumulator,2,1
236,rnd_boundary,fig3,tie_b,selected_operand,0,1
236,rnd_boundary,fig3,input_anchor,anchor,0,1
236,rnd_boundary,fig3,exact_residual,residual,1,1
236,rnd_boundary,fig3,guard1_pack12,accumulator_grid,0,1
236,rnd_boundary,fig3,guard12_pack12,accumulator_grid,0,1
236,rnd_boundary,fig3,source_uncut,accumulator_grid,0,1
236,rnd_boundary,fig3,post_sum_pack12,accumulator,2,1
236,rnd_boundary,fig3,signed_floor,accumulator,2,1
237,rnd_boundary,fig3,tie_b,selected_operand,0,1
237,rnd_boundary,fig3,input_anchor,anchor,0,1
237,rnd_boundary,fig3,exact_residual,residual,1,1
237,rnd_boundary,fig3,guard1_pack12,accumulator_grid,0,1
237,rnd_boundary,fig3,guard12_pack12,accumulator_grid,0,1
237,rnd_boundary,fig3,source_uncut,accumulator_grid,0,1
237,rnd_boundary,fig3,post_sum_pack12,accumulator,2,1
237,rnd_boundary,fig3,signed_floor,accumulator,2,1
238,rnd_boundary,fig3,tie_b,selected_operand,0,1
238,rnd_boundary,fig3,input_anchor,anchor,0,1
238,rnd_boundary,fig3,exact_residual,residual,1,1
238,rnd_boundary,fig3,guard1_pack12,accumulator_grid,0,1
238,rnd_boundary,fig3,guard12_pack12,accumulator_grid,0,1
238,rnd_boundary,fig3,source_uncut,accumulator_grid,0,1
238,rnd_boundary,fig3,post_sum_pack12,accumulator,2,1
238,rnd_boundary,fig3,signed_floor,accumulator,2,1
239,rnd_boundary,fig3,tie_b,selected_operand,0,1
239,rnd_boundary,fig3,input_anchor,anchor,0,0
239,rnd_boundary,fig3,exact_residual,residual,1,1
239,rnd_boundary,fig3,guard1_pack12,accumulator_grid,0,0
239,rnd_boundary,fig3,guard12_pack12,accumulator_grid,0,1
239,rnd_boundary,fig3,source_uncut,accumulator_grid,0,1
239,rnd_boundary,fig3,post_sum_pack12,accumulator,2,1
239,rnd_boundary,fig3,signed_floor,accumulator,2,1
240,rnd_boundary,fig3,tie_b,selected_operand,0,0
240,rnd_boundary,fig3,input_anchor,anchor,0,0
240,rnd_boundary,fig3,exact_residual,residual,1,1
240,rnd_boundary,fig3,guard1_pack12,accumulator_grid,0,0
240,rnd_boundary,fig3,guard12_pack12,accumulator_grid,0,1
240,rnd_boundary,fig3,source_uncut,accumulator_grid,0,1
240,rnd_boundary,fig3,post_sum_pack12,accumulator,2,1
240,rnd_boundary,fig3,signed_floor,accumulator,2,1
241,rnd_boundary,fig3,input_anchor,anchor,0,0
241,rnd_boundary,fig3,exact_residual,residual,1,1
241,rnd_boundary,fig3,guard1_pack12,accumulator_grid,0,0
241,rnd_boundary,fig3,guard12_pack12,accumulator_grid,0,0
241,rnd_boundary,fig3,source_uncut,accumulator_grid,0,1
242,rnd_boundary,fig3,input_anchor,anchor,0,0
242,rnd_boundary,fig3,exact_residual,residual,1,1
242,rnd_boundary,fig3,guard1_pack12,accumulator_grid,0,0
242,rnd_boundary,fig3,guard12_pack12,accumulator_grid,0,1
242,rnd_boundary,fig3,source_uncut,accumulator_grid,0,1
242,rnd_boundary,fig3,post_sum_pack12,accumulator,4,1
242,rnd_boundary,fig3,signed_floor,accumulator,4,1
243,rnd_boundary,fig3,tie_b,selected_operand,0,1
243,rnd_boundary,fig3,input_anchor,anchor,0,1
243,rnd_boundary,fig3,exact_residual,residual,1,1
243,rnd_boundary,fig3,guard1_pack12,accumulator_grid,0,1
243,rnd_boundary,fig3,guard12_pack12,accumulator_grid,0,1
243,rnd_boundary,fig3,source_uncut,accumulator_grid,0,1
243,rnd_boundary,fig3,post_sum_pack12,accumulator,2,1
243,rnd_boundary,fig3,signed_floor,accumulator,2,1
244,rnd_boundary,fig3,tie_b,selected_operand,0,1
244,rnd_boundary,fig3,input_anchor,anchor,0,1
244,rnd_boundary,fig3,exact_residual,residual,1,1
244,rnd_boundary,fig3,guard1_pack12,accumulator_grid,0,1
244,rnd_boundary,fig3,guard12_pack12,accumulator_grid,0,1
244,rnd_boundary,fig3,source_uncut,accumulator_grid,0,1
244,rnd_boundary,fig3,post_sum_pack12,accumulator,2,1
244,rnd_boundary,fig3,signed_floor,accumulator,2,1
245,rnd_boundary,fig3,input_anchor,anchor,0,1
245,rnd_boundary,fig3,exact_residual,residual,1,1
245,rnd_boundary,fig3,guard1_pack12,accumulator_grid,0,1
245,rnd_boundary,fig3,guard12_pack12,accumulator_grid,0,1
245,rnd_boundary,fig3,source_uncut,accumulator_grid,0,1
245,rnd_boundary,fig3,post_sum_pack12,accumulator,2,1
245,rnd_boundary,fig3,signed_floor,accumulator,2,1
246,rnd_boundary,fig3,input_anchor,anchor,0,1
246,rnd_boundary,fig3,exact_residual,residual,1,1
246,rnd_boundary,fig3,guard1_pack12,accumulator_grid,0,1
246,rnd_boundary,fig3,guard12_pack12,accumulator_grid,0,1
246,rnd_boundary,fig3,source_uncut,accumulator_grid,0,1
246,rnd_boundary,fig3,post_sum_pack12,accumulator,2,1
246,rnd_boundary,fig3,signed_floor,accumulator,2,1
247,rnd_boundary,fig3,input_anchor,anchor,0,0
247,rnd_boundary,fig3,exact_residual,residual,1,1
247,rnd_boundary,fig3,guard1_pack12,accumulator_grid,0,0
247,rnd_boundary,fig3,guard12_pack12,accumulator_grid,0,1
247,rnd_boundary,fig3,source_uncut,accumulator_grid,0,1
247,rnd_boundary,fig3,post_sum_pack12,accumulator,2,1
247,rnd_boundary,fig3,signed_floor,accumulator,2,1
248,rnd_boundary,fig3,input_anchor,anchor,0,0
248,rnd_boundary,fig3,exact_residual,residual,1,1
248,rnd_boundary,fig3,guard1_pack12,accumulator_grid,0,0
248,rnd_boundary,fig3,guard12_pack12,accumulator_grid,0,1
248,rnd_boundary,fig3,source_uncut,accumulator_grid,0,1
248,rnd_boundary,fig3,post_sum_pack12,accumulator,2,1
248,rnd_boundary,fig3,signed_floor,accumulator,2,1
249,rnd_boundary,fig3,input_anchor,anchor,0,0
249,rnd_boundary,fig3,exact_residual,residual,1,1
249,rnd_boundary,fig3,guard1_pack12,accumulator_grid,0,0
249,rnd_boundary,fig3,guard12_pack12,accumulator_grid,0,0
249,rnd_boundary,fig3,source_uncut,accumulator_grid,0,1
250,rnd_boundary,fig3,input_anchor,anchor,0,0
250,rnd_boundary,fig3,exact_residual,residual,1,1
250,rnd_boundary,fig3,guard1_pack12,accumulator_grid,0,0
250,rnd_boundary,fig3,guard12_pack12,accumulator_grid,0,1
250,rnd_boundary,fig3,source_uncut,accumulator_grid,0,1
250,rnd_boundary,fig3,post_sum_pack12,accumulator,4,1
250,rnd_boundary,fig3,signed_floor,accumulator,4,1
251,rnd_boundary,fig3,tie_b,selected_operand,0,1
251,rnd_boundary,fig3,input_anchor,anchor,0,1
251,rnd_boundary,fig3,exact_residual,residual,1,1
251,rnd_boundary,fig3,guard1_pack12,accumulator_grid,0,1
251,rnd_boundary,fig3,guard12_pack12,accumulator_grid,0,1
251,rnd_boundary,fig3,source_uncut,accumulator_grid,0,1
251,rnd_boundary,fig3,post_sum_pack12,accumulator,2,1
251,rnd_boundary,fig3,signed_floor,accumulator,2,1
252,rnd_boundary,fig3,tie_b,selected_operand,0,1
252,rnd_boundary,fig3,input_anchor,anchor,0,1
252,rnd_boundary,fig3,exact_residual,residual,1,1
252,rnd_boundary,fig3,guard1_pack12,accumulator_grid,0,1
252,rnd_boundary,fig3,guard12_pack12,accumulator_grid,0,1
252,rnd_boundary,fig3,source_uncut,accumulator_grid,0,1
252,rnd_boundary,fig3,post_sum_pack12,accumulator,2,1
252,rnd_boundary,fig3,signed_floor,accumulator,2,1
253,rnd_boundary,fig3,input_anchor,anchor,0,1
253,rnd_boundary,fig3,exact_residual,residual,1,1
253,rnd_boundary,fig3,guard1_pack12,accumulator_grid,0,1
253,rnd_boundary,fig3,guard12_pack12,accumulator_grid,0,1
253,rnd_boundary,fig3,source_uncut,accumulator_grid,0,1
253,rnd_boundary,fig3,post_sum_pack12,accumulator,2,1
253,rnd_boundary,fig3,signed_floor,accumulator,2,1
254,rnd_boundary,fig3,input_anchor,anchor,0,1
254,rnd_boundary,fig3,exact_residual,residual,1,1
254,rnd_boundary,fig3,guard1_pack12,accumulator_grid,0,1
254,rnd_boundary,fig3,guard12_pack12,accumulator_grid,0,1
254,rnd_boundary,fig3,source_uncut,accumulator_grid,0,1
254,rnd_boundary,fig3,post_sum_pack12,accumulator,2,1
254,rnd_boundary,fig3,signed_floor,accumulator,2,1
255,rnd_boundary,fig3,input_anchor,anchor,0,0
255,rnd_boundary,fig3,exact_residual,residual,1,1
255,rnd_boundary,fig3,guard1_pack12,accumulator_grid,0,0
255,rnd_boundary,fig3,guard12_pack12,accumulator_grid,0,1
255,rnd_boundary,fig3,source_uncut,accumulator_grid,0,1
255,rnd_boundary,fig3,post_sum_pack12,accumulator,2,1
255,rnd_boundary,fig3,signed_floor,accumulator,2,1
256,rnd_boundary,fig3,input_anchor,anchor,0,0
256,rnd_boundary,fig3,exact_residual,residual,1,1
256,rnd_boundary,fig3,guard1_pack12,accumulator_grid,0,0
256,rnd_boundary,fig3,guard12_pack12,accumulator_grid,0,1
256,rnd_boundary,fig3,source_uncut,accumulator_grid,0,1
256,rnd_boundary,fig3,post_sum_pack12,accumulator,2,1
256,rnd_boundary,fig3,signed_floor,accumulator,2,1
257,rnd_boundary,fig3,input_anchor,anchor,0,0
257,rnd_boundary,fig3,exact_residual,residual,1,1
257,rnd_boundary,fig3,guard1_pack12,accumulator_grid,0,0
257,rnd_boundary,fig3,guard12_pack12,accumulator_grid,0,0
257,rnd_boundary,fig3,source_uncut,accumulator_grid,0,1
258,rnd_boundary,fig3,input_anchor,anchor,0,0
258,rnd_boundary,fig3,exact_residual,residual,1,1
258,rnd_boundary,fig3,guard1_pack12,accumulator_grid,0,0
258,rnd_boundary,fig3,guard12_pack12,accumulator_grid,0,1
258,rnd_boundary,fig3,source_uncut,accumulator_grid,0,1
258,rnd_boundary,fig3,post_sum_pack12,accumulator,4,1
258,rnd_boundary,fig3,signed_floor,accumulator,4,1
259,rnd_boundary,fig3,input_anchor,anchor,0,1
259,rnd_boundary,fig3,exact_residual,residual,1,1
259,rnd_boundary,fig3,guard1_pack12,accumulator_grid,0,1
259,rnd_boundary,fig3,guard12_pack12,accumulator_grid,0,1
259,rnd_boundary,fig3,source_uncut,accumulator_grid,0,1
259,rnd_boundary,fig3,post_sum_pack12,accumulator,2,1
259,rnd_boundary,fig3,signed_floor,accumulator,2,1
260,rnd_boundary,fig3,input_anchor,anchor,0,1
260,rnd_boundary,fig3,exact_residual,residual,1,1
260,rnd_boundary,fig3,guard1_pack12,accumulator_grid,0,1
260,rnd_boundary,fig3,guard12_pack12,accumulator_grid,0,1
260,rnd_boundary,fig3,source_uncut,accumulator_grid,0,1
260,rnd_boundary,fig3,post_sum_pack12,accumulator,2,1
260,rnd_boundary,fig3,signed_floor,accumulator,2,1
261,prefix126_127,fig3,tie_b,selected_operand,0,1
261,prefix126_127,fig3,legacy7,selected_operand,0,1
261,prefix126_127,fig3,input_anchor,anchor,0,0
261,prefix126_127,fig3,exact_residual,residual,1,0
261,prefix126_127,fig3,guard1_pack12,accumulator_grid,0,0
261,prefix126_127,fig3,guard12_pack12,accumulator_grid,0,1
261,prefix126_127,fig3,source_uncut,accumulator_grid,0,1
261,prefix126_127,fig3,post_sum_pack12,accumulator,2,1
261,prefix126_127,fig3,signed_floor,accumulator,2,1
262,prefix126_127,fig3,tie_b,selected_operand,0,1
262,prefix126_127,fig3,legacy7,selected_operand,0,1
262,prefix126_127,fig3,input_anchor,anchor,0,0
262,prefix126_127,fig3,exact_residual,residual,1,0
262,prefix126_127,fig3,guard1_pack12,accumulator_grid,0,0
262,prefix126_127,fig3,guard12_pack12,accumulator_grid,0,1
262,prefix126_127,fig3,source_uncut,accumulator_grid,0,1
262,prefix126_127,fig3,post_sum_pack12,accumulator,2,1
262,prefix126_127,fig3,signed_floor,accumulator,2,1
263,prefix126_127,fig3,tie_b,selected_operand,0,1
263,prefix126_127,fig3,legacy7,selected_operand,0,1
263,prefix126_127,fig3,input_anchor,anchor,0,1
263,prefix126_127,fig3,exact_residual,residual,1,0
263,prefix126_127,fig3,guard1_pack12,accumulator_grid,0,1
263,prefix126_127,fig3,guard12_pack12,accumulator_grid,0,1
263,prefix126_127,fig3,source_uncut,accumulator_grid,0,1
263,prefix126_127,fig3,post_sum_pack12,accumulator,2,1
263,prefix126_127,fig3,signed_floor,accumulator,2,1
264,prefix126_127,fig3,tie_b,selected_operand,0,1
264,prefix126_127,fig3,legacy7,selected_operand,0,1
264,prefix126_127,fig3,input_anchor,anchor,0,0
264,prefix126_127,fig3,exact_residual,residual,1,0
264,prefix126_127,fig3,guard1_pack12,accumulator_grid,0,0
264,prefix126_127,fig3,guard12_pack12,accumulator_grid,0,1
264,prefix126_127,fig3,source_uncut,accumulator_grid,0,1
264,prefix126_127,fig3,post_sum_pack12,accumulator,2,1
264,prefix126_127,fig3,signed_floor,accumulator,2,1
265,prefix126_127,fig3,tie_b,selected_operand,0,1
265,prefix126_127,fig3,legacy7,selected_operand,0,1
265,prefix126_127,fig3,input_anchor,anchor,0,0
265,prefix126_127,fig3,exact_residual,residual,1,0
265,prefix126_127,fig3,guard1_pack12,accumulator_grid,0,0
265,prefix126_127,fig3,guard12_pack12,accumulator_grid,0,1
265,prefix126_127,fig3,source_uncut,accumulator_grid,0,1
265,prefix126_127,fig3,post_sum_pack12,accumulator,2,1
265,prefix126_127,fig3,signed_floor,accumulator,2,1
266,prefix126_127,fig3,tie_b,selected_operand,0,1
266,prefix126_127,fig3,legacy7,selected_operand,0,1
266,prefix126_127,fig3,input_anchor,anchor,0,0
266,prefix126_127,fig3,exact_residual,residual,1,0
266,prefix126_127,fig3,guard1_pack12,accumulator_grid,0,0
266,prefix126_127,fig3,guard12_pack12,accumulator_grid,0,0
266,prefix126_127,fig3,source_uncut,accumulator_grid,0,1
266,prefix126_127,fig3,post_sum_pack12,accumulator,2,0
266,prefix126_127,fig3,signed_floor,accumulator,2,1
267,prefix126_127,fig3,tie_b,selected_operand,0,1
267,prefix126_127,fig3,legacy7,selected_operand,0,1
267,prefix126_127,fig3,input_anchor,anchor,0,0
267,prefix126_127,fig3,exact_residual,residual,1,0
267,prefix126_127,fig3,guard1_pack12,accumulator_grid,0,0
267,prefix126_127,fig3,guard12_pack12,accumulator_grid,0,0
267,prefix126_127,fig3,source_uncut,accumulator_grid,0,1
267,prefix126_127,fig3,post_sum_pack12,accumulator,2,0
267,prefix126_127,fig3,signed_floor,accumulator,2,1
268,prefix126_127,fig3,tie_b,selected_operand,0,1
268,prefix126_127,fig3,legacy7,selected_operand,0,1
268,prefix126_127,fig3,input_anchor,anchor,0,0
268,prefix126_127,fig3,exact_residual,residual,1,0
268,prefix126_127,fig3,guard1_pack12,accumulator_grid,0,0
268,prefix126_127,fig3,guard12_pack12,accumulator_grid,0,1
268,prefix126_127,fig3,source_uncut,accumulator_grid,0,1
268,prefix126_127,fig3,post_sum_pack12,accumulator,2,1
268,prefix126_127,fig3,signed_floor,accumulator,2,1
269,prefix126_127,fig3,tie_b,selected_operand,0,1
269,prefix126_127,fig3,legacy7,selected_operand,0,1
269,prefix126_127,fig3,input_anchor,anchor,0,0
269,prefix126_127,fig3,exact_residual,residual,1,0
269,prefix126_127,fig3,guard1_pack12,accumulator_grid,0,0
269,prefix126_127,fig3,guard12_pack12,accumulator_grid,0,0
269,prefix126_127,fig3,source_uncut,accumulator_grid,0,1
269,prefix126_127,fig3,post_sum_pack12,accumulator,2,0
269,prefix126_127,fig3,signed_floor,accumulator,2,1
270,prefix126_127,fig3,tie_b,selected_operand,0,1
270,prefix126_127,fig3,legacy7,selected_operand,0,1
270,prefix126_127,fig3,input_anchor,anchor,0,0
270,prefix126_127,fig3,exact_residual,residual,1,0
270,prefix126_127,fig3,guard1_pack12,accumulator_grid,0,0
270,prefix126_127,fig3,guard12_pack12,accumulator_grid,0,1
270,prefix126_127,fig3,source_uncut,accumulator_grid,0,1
270,prefix126_127,fig3,post_sum_pack12,accumulator,2,1
270,prefix126_127,fig3,signed_floor,accumulator,2,1
271,prefix126_127,fig3,tie_b,selected_operand,0,1
271,prefix126_127,fig3,legacy7,selected_operand,0,1
271,prefix126_127,fig3,input_anchor,anchor,0,0
271,prefix126_127,fig3,exact_residual,residual,1,0
271,prefix126_127,fig3,guard1_pack12,accumulator_grid,0,0
271,prefix126_127,fig3,guard12_pack12,accumulator_grid,0,1
271,prefix126_127,fig3,source_uncut,accumulator_grid,0,1
271,prefix126_127,fig3,post_sum_pack12,accumulator,2,1
271,prefix126_127,fig3,signed_floor,accumulator,2,1
272,prefix126_127,fig3,tie_b,selected_operand,0,1
272,prefix126_127,fig3,legacy7,selected_operand,0,1
272,prefix126_127,fig3,input_anchor,anchor,0,0
272,prefix126_127,fig3,exact_residual,residual,1,0
272,prefix126_127,fig3,guard1_pack12,accumulator_grid,0,0
272,prefix126_127,fig3,guard12_pack12,accumulator_grid,0,0
272,prefix126_127,fig3,source_uncut,accumulator_grid,0,1
272,prefix126_127,fig3,post_sum_pack12,accumulator,2,0
272,prefix126_127,fig3,signed_floor,accumulator,2,1
273,prefix126_127,fig3,tie_b,selected_operand,0,1
273,prefix126_127,fig3,legacy7,selected_operand,0,1
273,prefix126_127,fig3,input_anchor,anchor,0,0
273,prefix126_127,fig3,exact_residual,residual,1,0
273,prefix126_127,fig3,guard1_pack12,accumulator_grid,0,0
273,prefix126_127,fig3,guard12_pack12,accumulator_grid,0,1
273,prefix126_127,fig3,source_uncut,accumulator_grid,0,1
273,prefix126_127,fig3,post_sum_pack12,accumulator,2,1
273,prefix126_127,fig3,signed_floor,accumulator,2,1
274,prefix126_127,fig3,tie_b,selected_operand,0,1
274,prefix126_127,fig3,legacy7,selected_operand,0,1
274,prefix126_127,fig3,input_anchor,anchor,0,0
274,prefix126_127,fig3,exact_residual,residual,1,0
274,prefix126_127,fig3,guard1_pack12,accumulator_grid,0,0
274,prefix126_127,fig3,guard12_pack12,accumulator_grid,0,0
274,prefix126_127,fig3,source_uncut,accumulator_grid,0,1
274,prefix126_127,fig3,post_sum_pack12,accumulator,2,0
274,prefix126_127,fig3,signed_floor,accumulator,2,1
275,prefix126_127,fig3,tie_b,selected_operand,0,1
275,prefix126_127,fig3,legacy7,selected_operand,0,1
275,prefix126_127,fig3,input_anchor,anchor,0,0
275,prefix126_127,fig3,exact_residual,residual,1,0
275,prefix126_127,fig3,guard1_pack12,accumulator_grid,0,0
275,prefix126_127,fig3,guard12_pack12,accumulator_grid,0,0
275,prefix126_127,fig3,source_uncut,accumulator_grid,0,1
275,prefix126_127,fig3,post_sum_pack12,accumulator,2,0
275,prefix126_127,fig3,signed_floor,accumulator,2,1
276,prefix126_127,fig3,tie_b,selected_operand,0,1
276,prefix126_127,fig3,legacy7,selected_operand,0,1
276,prefix126_127,fig3,input_anchor,anchor,0,0
276,prefix126_127,fig3,exact_residual,residual,1,0
276,prefix126_127,fig3,guard1_pack12,accumulator_grid,0,0
276,prefix126_127,fig3,guard12_pack12,accumulator_grid,0,1
276,prefix126_127,fig3,source_uncut,accumulator_grid,0,1
276,prefix126_127,fig3,post_sum_pack12,accumulator,2,1
276,prefix126_127,fig3,signed_floor,accumulator,2,1
277,prefix126_127,fig3,tie_b,selected_operand,0,1
277,prefix126_127,fig3,legacy7,selected_operand,0,1
277,prefix126_127,fig3,input_anchor,anchor,0,0
277,prefix126_127,fig3,exact_residual,residual,1,0
277,prefix126_127,fig3,guard1_pack12,accumulator_grid,0,0
277,prefix126_127,fig3,guard12_pack12,accumulator_grid,0,0
277,prefix126_127,fig3,source_uncut,accumulator_grid,0,1
277,prefix126_127,fig3,post_sum_pack12,accumulator,2,0
277,prefix126_127,fig3,signed_floor,accumulator,2,1
278,prefix126_127,fig3,tie_b,selected_operand,0,1
278,prefix126_127,fig3,legacy7,selected_operand,0,1
278,prefix126_127,fig3,input_anchor,anchor,0,0
278,prefix126_127,fig3,exact_residual,residual,1,0
278,prefix126_127,fig3,guard1_pack12,accumulator_grid,0,0
278,prefix126_127,fig3,guard12_pack12,accumulator_grid,0,1
278,prefix126_127,fig3,source_uncut,accumulator_grid,0,1
278,prefix126_127,fig3,post_sum_pack12,accumulator,2,1
278,prefix126_127,fig3,signed_floor,accumulator,2,1
279,prefix126_127,fig3,tie_b,selected_operand,0,1
279,prefix126_127,fig3,legacy7,selected_operand,0,1
279,prefix126_127,fig3,input_anchor,anchor,0,0
279,prefix126_127,fig3,exact_residual,residual,1,0
279,prefix126_127,fig3,guard1_pack12,accumulator_grid,0,0
279,prefix126_127,fig3,guard12_pack12,accumulator_grid,0,0
279,prefix126_127,fig3,source_uncut,accumulator_grid,0,1
279,prefix126_127,fig3,post_sum_pack12,accumulator,2,0
279,prefix126_127,fig3,signed_floor,accumulator,2,1
280,prefix126_127,fig3,tie_b,selected_operand,0,1
280,prefix126_127,fig3,legacy7,selected_operand,0,1
280,prefix126_127,fig3,input_anchor,anchor,0,0
280,prefix126_127,fig3,exact_residual,residual,1,0
280,prefix126_127,fig3,guard1_pack12,accumulator_grid,0,0
280,prefix126_127,fig3,guard12_pack12,accumulator_grid,0,1
280,prefix126_127,fig3,source_uncut,accumulator_grid,0,1
280,prefix126_127,fig3,post_sum_pack12,accumulator,2,1
280,prefix126_127,fig3,signed_floor,accumulator,2,1
281,prefix126_127,fig3,tie_b,selected_operand,0,1
281,prefix126_127,fig3,legacy7,selected_operand,0,1
281,prefix126_127,fig3,input_anchor,anchor,0,0
281,prefix126_127,fig3,exact_residual,residual,1,0
281,prefix126_127,fig3,guard1_pack12,accumulator_grid,0,0
281,prefix126_127,fig3,guard12_pack12,accumulator_grid,0,0
281,prefix126_127,fig3,source_uncut,accumulator_grid,0,1
281,prefix126_127,fig3,post_sum_pack12,accumulator,2,0
281,prefix126_127,fig3,signed_floor,accumulator,2,1
282,prefix126_127,fig3,tie_b,selected_operand,0,1
282,prefix126_127,fig3,legacy7,selected_operand,0,1
282,prefix126_127,fig3,input_anchor,anchor,0,0
282,prefix126_127,fig3,exact_residual,residual,1,0
282,prefix126_127,fig3,guard1_pack12,accumulator_grid,0,0
282,prefix126_127,fig3,guard12_pack12,accumulator_grid,0,0
282,prefix126_127,fig3,source_uncut,accumulator_grid,0,1
282,prefix126_127,fig3,post_sum_pack12,accumulator,2,0
282,prefix126_127,fig3,signed_floor,accumulator,2,1
283,prefix126_127,fig3,tie_b,selected_operand,0,1
283,prefix126_127,fig3,legacy7,selected_operand,0,1
283,prefix126_127,fig3,input_anchor,anchor,0,0
283,prefix126_127,fig3,exact_residual,residual,1,0
283,prefix126_127,fig3,guard1_pack12,accumulator_grid,0,0
283,prefix126_127,fig3,guard12_pack12,accumulator_grid,0,1
283,prefix126_127,fig3,source_uncut,accumulator_grid,0,1
283,prefix126_127,fig3,post_sum_pack12,accumulator,2,1
283,prefix126_127,fig3,signed_floor,accumulator,2,1
284,prefix126_127,fig3,tie_b,selected_operand,0,1
284,prefix126_127,fig3,legacy7,selected_operand,0,1
284,prefix126_127,fig3,input_anchor,anchor,0,0
284,prefix126_127,fig3,exact_residual,residual,1,0
284,prefix126_127,fig3,guard1_pack12,accumulator_grid,0,0
284,prefix126_127,fig3,guard12_pack12,accumulator_grid,0,0
284,prefix126_127,fig3,source_uncut,accumulator_grid,0,0
285,prefix126_127,fig3,tie_b,selected_operand,0,1
285,prefix126_127,fig3,legacy7,selected_operand,0,1
285,prefix126_127,fig3,input_anchor,anchor,0,0
285,prefix126_127,fig3,exact_residual,residual,1,0
285,prefix126_127,fig3,guard1_pack12,accumulator_grid,0,0
285,prefix126_127,fig3,guard12_pack12,accumulator_grid,0,0
285,prefix126_127,fig3,source_uncut,accumulator_grid,0,0
286,prefix126_127,fig3,tie_b,selected_operand,0,1
286,prefix126_127,fig3,legacy7,selected_operand,0,1
286,prefix126_127,fig3,input_anchor,anchor,0,0
286,prefix126_127,fig3,exact_residual,residual,1,0
286,prefix126_127,fig3,guard1_pack12,accumulator_grid,0,0
286,prefix126_127,fig3,guard12_pack12,accumulator_grid,0,0
286,prefix126_127,fig3,source_uncut,accumulator_grid,0,0
287,prefix126_127,fig3,tie_b,selected_operand,0,1
287,prefix126_127,fig3,legacy7,selected_operand,0,1
287,prefix126_127,fig3,input_anchor,anchor,0,0
287,prefix126_127,fig3,exact_residual,residual,1,0
287,prefix126_127,fig3,guard1_pack12,accumulator_grid,0,0
287,prefix126_127,fig3,guard12_pack12,accumulator_grid,0,1
287,prefix126_127,fig3,source_uncut,accumulator_grid,0,1
287,prefix126_127,fig3,post_sum_pack12,accumulator,2,1
287,prefix126_127,fig3,signed_floor,accumulator,2,1
288,published_fig4,fig3,guard1_pack12,accumulator_grid,0,0
288,published_fig4,fig3,guard12_pack12,accumulator_grid,0,0
288,published_fig4,fig3,source_uncut,accumulator_grid,0,1
289,carry_required,fig3,exact_residual,residual,2,0
289,carry_required,fig3,guard1_pack12,accumulator_grid,0,0
289,carry_required,fig3,guard12_pack12,accumulator_grid,0,0
289,carry_required,fig3,source_uncut,accumulator_grid,0,1
289,carry_required,fig3,post_sum_pack12,accumulator,3,0
289,carry_required,fig3,signed_floor,accumulator,3,0
290,negative_term_floor,fig3,input_anchor,anchor,0,1
290,negative_term_floor,fig3,exact_residual,residual,1,0
290,negative_term_floor,fig3,guard1_pack12,accumulator_grid,0,1
290,negative_term_floor,fig3,guard12_pack12,accumulator_grid,0,0
290,negative_term_floor,fig3,source_uncut,accumulator_grid,0,1
290,negative_term_floor,fig3,post_sum_pack12,accumulator,2,0
290,negative_term_floor,fig3,signed_floor,accumulator,2,1
291,shift_cut_edge,fig3,guard1_pack12,accumulator_grid,0,0
291,shift_cut_edge,fig3,guard12_pack12,accumulator_grid,0,0
291,shift_cut_edge,fig3,source_uncut,accumulator_grid,0,1
