case_id,category,a_hex,b_hex,n,force_a
0,equal_score,0x40004000,0x4007c000,2,0
1,output_width,0x40004000,0x4007c000,2,0
2,output_width,0x40004000,0x4007c000,3,0
3,output_width,0x40004000,0x4007c000,4,0
4,equal_score,0x40004000,0x400f8000,2,0
5,output_width,0x40004000,0x400f8000,2,0
6,output_width,0x40004000,0x400f8000,3,0
7,output_width,0x40004000,0x400f8000,4,0
8,equal_score,0x40004000,0x40174000,2,0
9,output_width,0x40004000,0x40174000,2,0
10,equal_score,0x40004000,0x40174000,3,0
11,output_width,0x40004000,0x40174000,3,0
12,equal_score,0x40004000,0x40174000,4,0
13,output_width,0x40004000,0x40174000,4,0
14,output_width,0x40004000,0x401f0000,2,0
15,output_width,0x40004000,0x401f0000,3,0
16,output_width,0x40004000,0x401f0000,4,0
17,equal_score,0x40004000,0x4026c000,2,0
18,output_width,0x40004000,0x4026c000,2,0
19,equal_score,0x40004000,0x4026c000,3,0
20,output_width,0x40004000,0x4026c000,3,0
21,equal_score,0x40004000,0x4026c000,4,0
22,output_width,0x40004000,0x4026c000,4,0
23,output_width,0x40004000,0x402e8000,2,0
24,output_width,0x40004000,0x402e8000,3,0
25,output_width,0x40004000,0x402e8000,4,0
26,output_width,0x40004000,0x40364000,2,0
27,output_width,0x40004000,0x40364000,3,0
28,output_width,0x40004000,0x40364000,4,0
29,output_width,0x40004000,0x403e0000,2,0
30,output_width,0x40004000,0x403e0000,3,0
31,output_width,0x40004000,0x403e0000,4,0
32,equal_score,0x40004000,0x4045c000,2,0
33,output_width,0x40004000,0x4045c000,2,0
34,equal_score,0x40004000,0x4045c000,3,0
35,output_width,0x40004000,0x4045c000,3,0
36,equal_score,0x40004000,0x4045c000,4,0
37,output_width,0x40004000,0x4045c000,4,0
38,output_width,0x40004000,0x404d8000,2,0
39,output_width,0x40004000,0x404d8000,3,0
40,output_width,0x40004000,0x404d8000,4,0
41,output_width,0x40004000,0x40554000,2,0
42,output_width,0x40004000,0x40554000,3,0
43,equal_score,0x40004000,0x4083c000,2,0
44,equal_score,0x40004000,0x4083c000,3,0
45,equal_score,0x40004000,0x41078000,2,0
46,equal_score,0x40004000,0x41078000,3,0
47,equal_score,0x40004000,0x42074000,2,0
48,equal_score,0x40004000,0x42074000,3,0
49,equal_score,0x40004000,0x42074000,4,0
50,equal_score,0x40004000,0x43070000,2,0
51,equal_score,0x40004000,0x43070000,3,0
52,equal_score,0x40004000,0x43070000,4,0
53,equal_score,0x40004000,0x43830000,2,0
54,equal_score,0x40004000,0x43830000,3,0
55,equal_score,0x40004000,0x43830000,4,0
56,equal_score,0x40004000,0x43c10000,2,0
57,equal_score,0x40004000,0x43c10000,3,0
58,equal_score,0x40004000,0x43c10000,4,0
59,equal_score,0x40004000,0x43e00000,2,0
60,equal_score,0x40004000,0x43e00000,3,0
61,equal_score,0x40004000,0x43e00000,4,0
62,equal_score,0x40004000,0x43e7c000,2,0
63,equal_score,0x40004000,0x43e7c000,3,0
64,signed_cut,0x41ffc000,0x4007c000,3,0
65,signed_cut,0x41ffc000,0x4007c000,4,0
66,term_cut,0x41ffc000,0x400f8000,3,0
67,guard_depth,0x41ffc000,0x400f8000,3,0
68,post_sum_cut,0x41ffc000,0x400f8000,3,0
69,signed_cut,0x41ffc000,0x400f8000,3,0
70,term_cut,0x41ffc000,0x400f8000,4,0
71,guard_depth,0x41ffc000,0x400f8000,4,0
72,post_sum_cut,0x41ffc000,0x400f8000,4,0
73,signed_cut,0x41ffc000,0x400f8000,4,0
74,term_cut,0x41ffc000,0x40174000,3,0
75,post_sum_cut,0x41ffc000,0x40174000,3,0
76,rnd_boundary,0x41ffc000,0x40174000,4,0
77,signed_cut,0x41ffc000,0x40174000,4,0
78,term_cut,0x41ffc000,0x401f0000,3,0
79,guard_depth,0x41ffc000,0x401f0000,3,0
80,post_sum_cut,0x41ffc000,0x401f0000,3,0
81,signed_cut,0x41ffc000,0x401f0000,3,0
82,signed_cut,0x41ffc000,0x401f0000,4,0
83,term_cut,0x41ffc000,0x4026c000,3,0
84,post_sum_cut,0x41ffc000,0x4026c000,3,0
85,signed_cut,0x41ffc000,0x4026c000,4,0
86,term_cut,0x41ffc000,0x402e8000,3,0
87,guard_depth,0x41ffc000,0x402e8000,3,0
88,post_sum_cut,0x41ffc000,0x402e8000,3,0
89,signed_cut,0x41ffc000,0x402e8000,3,0
90,signed_cut,0x41ffc000,0x402e8000,4,0
91,signed_cut,0x41ffc000,0x40364000,3,0
92,signed_cut,0x41ffc000,0x40364000,4,0
93,term_cut,0x41ffc000,0x403e0000,3,0
94,guard_depth,0x41ffc000,0x403e0000,3,0
95,post_sum_cut,0x41ffc000,0x403e0000,3,0
96,signed_cut,0x41ffc000,0x403e0000,3,0
97,signed_cut,0x41ffc000,0x403e0000,4,0
98,term_cut,0x41ffc000,0x4045c000,3,0
99,post_sum_cut,0x41ffc000,0x4045c000,3,0
100,term_cut,0x41ffc000,0x4045c000,4,0
101,guard_depth,0x41ffc000,0x4045c000,4,0
102,post_sum_cut,0x41ffc000,0x4045c000,4,0
103,term_cut,0x41ffc000,0x404d8000,3,0
104,guard_depth,0x41ffc000,0x404d8000,3,0
105,post_sum_cut,0x41ffc000,0x404d8000,3,0
106,signed_cut,0x41ffc000,0x404d8000,3,0
107,signed_cut,0x41ffc000,0x404d8000,4,0
108,signed_cut,0x41ffc000,0x40554000,3,0
109,signed_cut,0x41ffc000,0x40554000,4,0
110,term_cut,0x41ffc000,0x405d0000,3,0
111,guard_depth,0x41ffc000,0x405d0000,3,0
112,post_sum_cut,0x41ffc000,0x405d0000,3,0
113,signed_cut,0x41ffc000,0x405d0000,3,0
114,signed_cut,0x41ffc000,0x405d0000,4,0
115,signed_cut,0x41ffc000,0x4064c000,3,0
116,signed_cut,0x41ffc000,0x4064c000,4,0
117,term_cut,0x41ffc000,0x406c8000,3,0
118,guard_depth,0x41ffc000,0x406c8000,3,0
119,post_sum_cut,0x41ffc000,0x406c8000,3,0
120,signed_cut,0x41ffc000,0x406c8000,3,0
121,signed_cut,0x41ffc000,0x406c8000,4,0
122,signed_cut,0x41ffc000,0x40744000,3,0
123,signed_cut,0x41ffc000,0x40744000,4,0
124,term_cut,0x41ffc000,0x407c0000,3,0
125,guard_depth,0x41ffc000,0x407c0000,3,0
126,post_sum_cut,0x41ffc000,0x407c0000,3,0
127,signed_cut,0x41ffc000,0x407c0000,3,0
128,signed_cut,0x41ffc000,0x407c0000,4,0
129,term_cut,0x41ffc000,0x4083c000,3,0
130,post_sum_cut,0x41ffc000,0x4083c000,3,0
131,term_cut,0x41ffc000,0x4083c000,4,0
132,post_sum_cut,0x41ffc000,0x4083c000,4,0
133,signed_cut,0x41ffc000,0x4083c000,4,0
134,term_cut,0x41ffc000,0x408b8000,3,0
135,guard_depth,0x41ffc000,0x408b8000,3,0
136,post_sum_cut,0x41ffc000,0x408b8000,3,0
137,signed_cut,0x41ffc000,0x408b8000,3,0
138,signed_cut,0x41ffc000,0x408b8000,4,0
139,signed_cut,0x41ffc000,0x40934000,3,0
140,term_cut,0x41ffc000,0x409b0000,3,0
141,guard_depth,0x41ffc000,0x409b0000,3,0
142,post_sum_cut,0x41ffc000,0x409b0000,3,0
143,term_cut,0x41ffc000,0x40aa8000,3,0
144,guard_depth,0x41ffc000,0x40aa8000,3,0
145,post_sum_cut,0x41ffc000,0x40aa8000,3,0
146,term_cut,0x41ffc000,0x40ba0000,3,0
147,guard_depth,0x41ffc000,0x40ba0000,3,0
148,post_sum_cut,0x41ffc000,0x40ba0000,3,0
149,term_cut,0x41ffc000,0x40c98000,3,0
150,guard_depth,0x41ffc000,0x40c98000,3,0
151,post_sum_cut,0x41ffc000,0x40c98000,3,0
152,term_cut,0x41ffc000,0x40d90000,3,0
153,guard_depth,0x41ffc000,0x40d90000,3,0
154,post_sum_cut,0x41ffc000,0x40d90000,3,0
155,term_cut,0x41ffc000,0x40e88000,3,0
156,guard_depth,0x41ffc000,0x40e88000,3,0
157,post_sum_cut,0x41ffc000,0x40e88000,3,0
158,term_cut,0x41ffc000,0x40f80000,3,0
159,guard_depth,0x41ffc000,0x40f80000,3,0
160,post_sum_cut,0x41ffc000,0x40f80000,3,0
161,term_cut,0x41ffc000,0x41078000,3,0
162,post_sum_cut,0x41ffc000,0x41078000,3,0
163,term_cut,0x41ffc000,0x41170000,3,0
164,guard_depth,0x41ffc000,0x41170000,3,0
165,post_sum_cut,0x41ffc000,0x41170000,3,0
166,term_cut,0x41ffc000,0x41268000,3,0
167,guard_depth,0x41ffc000,0x41268000,3,0
168,post_sum_cut,0x41ffc000,0x41268000,3,0
169,term_cut,0x41ffc000,0x41360000,3,0
170,guard_depth,0x41ffc000,0x41360000,3,0
171,post_sum_cut,0x41ffc000,0x41360000,3,0
172,term_cut,0x41ffc000,0x41458000,3,0
173,guard_depth,0x41ffc000,0x41458000,3,0
174,post_sum_cut,0x41ffc000,0x41458000,3,0
175,term_cut,0x41ffc000,0x41550000,3,0
176,guard_depth,0x41ffc000,0x41550000,3,0
177,post_sum_cut,0x41ffc000,0x41550000,3,0
178,term_cut,0x41ffc000,0x41648000,3,0
179,guard_depth,0x41ffc000,0x41648000,3,0
180,post_sum_cut,0x41ffc000,0x41648000,3,0
181,term_cut,0x41ffc000,0x41648000,4,0
182,guard_depth,0x41ffc000,0x41648000,4,0
183,post_sum_cut,0x41ffc000,0x41648000,4,0
184,term_cut,0x41ffc000,0x41838000,3,0
185,guard_depth,0x41ffc000,0x41838000,3,0
186,post_sum_cut,0x41ffc000,0x41838000,3,0
187,guard_depth,0x41ffc000,0x41838000,4,0
188,guard_depth,0x41ffc000,0x41a28000,3,0
189,guard_depth,0x41ffc000,0x41a28000,4,0
190,guard_depth,0x41ffc000,0x41c18000,3,0
191,guard_depth,0x41ffc000,0x41c18000,4,0
192,guard_depth,0x41ffc000,0x41e08000,3,0
193,anchor_cut,0x41ffc000,0x42074000,2,0
194,rnd_boundary,0x41ffc000,0x42074000,4,0
195,anchor_cut,0x41ffc000,0x43070000,2,0
196,anchor_cut,0x41ffc000,0x43070000,4,0
197,anchor_cut,0x41ffc000,0x43830000,2,0
198,anchor_cut,0x41ffc000,0x43830000,4,0
199,anchor_cut,0x41ffc000,0x43c10000,2,0
200,anchor_cut,0x41ffc000,0x43e00000,2,0
201,anchor_cut,0x41ffc000,0x43e7c000,2,0
202,prefix126_127,0x41ffc000,0x43f74000,2,0
203,anchor_cut,0x41ffc000,0x43f74000,2,0
204,prefix126_127,0x41ffc000,0x43f74000,3,0
205,rnd_boundary,0x41ffc000,0x43f74000,3,0
206,anchor_cut,0x41ffc000,0x43f74000,3,0
207,prefix126_127,0x41ffc000,0x43f74000,4,0
208,rnd_boundary,0x41ffc000,0x43f74000,4,0
209,anchor_cut,0x41ffc000,0x43f74000,4,0
210,anchor_cut,0x41ffc000,0x43ff0000,2,0
211,prefix126_127,0x41ffc000,0x43ff0000,3,0
212,prefix126_127,0x41ffc000,0x43ff0000,4,0
213,anchor_cut,0x42000000,0x40000000,3,0
214,anchor_cut,0x42000000,0x40000000,4,0
215,anchor_cut,0x42000000,0x4007c000,2,0
216,anchor_cut,0x42000000,0x400f8000,2,0
217,anchor_cut,0x42000000,0x40174000,3,0
218,anchor_cut,0x42000000,0x40174000,4,0
219,anchor_cut,0x42000000,0x401f0000,3,0
220,anchor_cut,0x42000000,0x401f0000,4,0
221,anchor_cut,0x42000000,0x4026c000,2,0
222,anchor_cut,0x42000000,0x402e8000,2,0
223,anchor_cut,0x42000000,0x40364000,3,0
224,anchor_cut,0x42000000,0x40364000,4,0
225,anchor_cut,0x42000000,0x403e0000,3,0
226,anchor_cut,0x42000000,0x403e0000,4,0
227,anchor_cut,0x42000000,0x4045c000,2,0
228,anchor_cut,0x42000000,0x404d8000,2,0
229,anchor_cut,0x42000000,0x40554000,3,0
230,anchor_cut,0x42000000,0x40554000,4,0
231,anchor_cut,0x42000000,0x405d0000,3,0
232,anchor_cut,0x42000000,0x405d0000,4,0
233,rnd_boundary,0x42004000,0x40000000,3,0
234,rnd_boundary,0x42004000,0x40000000,4,0
235,rnd_boundary,0x42004000,0x4007c000,3,0
236,rnd_boundary,0x42004000,0x4007c000,4,0
237,rnd_boundary,0x42004000,0x400f8000,3,0
238,rnd_boundary,0x42004000,0x400f8000,4,0
239,rnd_boundary,0x42004000,0x40174000,3,0
240,rnd_boundary,0x42004000,0x40174000,4,0
241,rnd_boundary,0x42004000,0x401f0000,3,0
242,rnd_boundary,0x42004000,0x401f0000,4,0
243,rnd_boundary,0x42004000,0x4026c000,3,0
244,rnd_boundary,0x42004000,0x4026c000,4,0
245,rnd_boundary,0x42004000,0x402e8000,3,0
246,rnd_boundary,0x42004000,0x402e8000,4,0
247,rnd_boundary,0x42004000,0x40364000,3,0
248,rnd_boundary,0x42004000,0x40364000,4,0
249,rnd_boundary,0x42004000,0x403e0000,3,0
250,rnd_boundary,0x42004000,0x403e0000,4,0
251,rnd_boundary,0x42004000,0x4045c000,3,0
252,rnd_boundary,0x42004000,0x4045c000,4,0
253,rnd_boundary,0x42004000,0x404d8000,3,0
254,rnd_boundary,0x42004000,0x404d8000,4,0
255,rnd_boundary,0x42004000,0x40554000,3,0
256,rnd_boundary,0x42004000,0x40554000,4,0
257,rnd_boundary,0x42004000,0x405d0000,3,0
258,rnd_boundary,0x42004000,0x405d0000,4,0
259,rnd_boundary,0x42004000,0x4064c000,3,0
260,rnd_boundary,0x42004000,0x4064c000,4,0
261,prefix126_127,0x43f00000,0x4007c000,2,0
262,prefix126_127,0x43f00000,0x400f8000,2,0
263,prefix126_127,0x43f00000,0x40174000,2,0
264,prefix126_127,0x43f00000,0x40174000,3,0
265,prefix126_127,0x43f00000,0x4026c000,2,0
266,prefix126_127,0x43f00000,0x4026c000,3,0
267,prefix126_127,0x43f00000,0x4026c000,4,0
268,prefix126_127,0x43f00000,0x4045c000,2,0
269,prefix126_127,0x43f00000,0x4045c000,3,0
270,prefix126_127,0x43f00000,0x4083c000,2,0
271,prefix126_127,0x43f00000,0x41078000,2,0
272,prefix126_127,0x43f00000,0x41078000,3,0
273,prefix126_127,0x43f00000,0x42074000,2,0
274,prefix126_127,0x43f00000,0x42074000,3,0
275,prefix126_127,0x43f00000,0x42074000,4,0
276,prefix126_127,0x43f00000,0x43070000,2,0
277,prefix126_127,0x43f00000,0x43070000,3,0
278,prefix126_127,0x43f00000,0x43830000,2,0
279,prefix126_127,0x43f00000,0x43830000,3,0
280,prefix126_127,0x43f00000,0x43c10000,2,0
281,prefix126_127,0x43f00000,0x43c10000,3,0
282,prefix126_127,0x43f00000,0x43c10000,4,0
283,prefix126_127,0x43f00000,0x43e7c000,2,0
284,prefix126_127,0x43f7c000,0x40000000,2,0
285,prefix126_127,0x43f7c000,0x40000000,3,0
286,prefix126_127,0x43f7c000,0x40000000,4,0
287,prefix126_127,0x43f7c000,0x4007c000,3,0
288,published_fig4,0x1c900000,0x3c820000,3,1
289,carry_required,0x41ffc000,0x43ffc000,3,1
290,negative_term_floor,0x42000000,0x40004000,3,1
291,shift_cut_edge,0x40004000,0x43ffc000,3,1
