profile,n,threshold_denominator,count,accepted,percent,paper_percent,delta_pp
fig3,2,1000,17911486,200000000,8.955743000,9.870000000,-0.914257000
fig3,2,200,62640639,200000000,31.320319500,32.190000000,-0.869680500
fig3,2,100,98656264,200000000,49.328132000,50.030000000,-0.701868000
fig3,2,20,190934271,200000000,95.467135500,95.570000000,-0.102864500
fig3,3,1000,86795361,200000000,43.397680500,44.690000000,-1.292319500
fig3,3,200,165705226,200000000,82.852613000,83.170000000,-0.317387000
fig3,3,100,189964932,200000000,94.982466000,95.050000000,-0.067534000
fig3,3,20,200000000,200000000,100.000000000,99.990000000,0.010000000
fig3,4,1000,172367705,200000000,86.183852500,87.090000000,-0.906147500
fig3,4,200,199594907,200000000,99.797453500,99.790000000,0.007453500
fig3,4,100,200000000,200000000,100.000000000,99.990000000,0.010000000
fig3,4,20,200000000,200000000,100.000000000,99.990000000,0.010000000
guard12_pack12,2,1000,17794273,200000000,8.897136500,9.870000000,-0.972863500
guard12_pack12,2,200,62600145,200000000,31.300072500,32.190000000,-0.889927500
guard12_pack12,2,100,98631804,200000000,49.315902000,50.030000000,-0.714098000
guard12_pack12,2,20,190932071,200000000,95.466035500,95.570000000,-0.103964500
guard12_pack12,3,1000,86702454,200000000,43.351227000,44.690000000,-1.338773000
guard12_pack12,3,200,165787718,200000000,82.893859000,83.170000000,-0.276141000
guard12_pack12,3,100,189984830,200000000,94.992415000,95.050000000,-0.057585000
guard12_pack12,3,20,200000000,200000000,100.000000000,99.990000000,0.010000000
guard12_pack12,4,1000,172601437,200000000,86.300718500,87.090000000,-0.789281500
guard12_pack12,4,200,199598892,200000000,99.799446000,99.790000000,0.009446000
guard12_pack12,4,100,200000000,200000000,100.000000000,99.990000000,0.010000000
guard12_pack12,4,20,200000000,200000000,100.000000000,99.990000000,0.010000000
source_uncut,2,1000,17919026,200000000,8.959513000,9.870000000,-0.910487000
source_uncut,2,200,62636061,200000000,31.318030500,32.190000000,-0.871969500
source_uncut,2,100,98654745,200000000,49.327372500,50.030000000,-0.702627500
source_uncut,2,20,190935027,200000000,95.467513500,95.570000000,-0.102486500
source_uncut,3,1000,87411574,200000000,43.705787000,44.690000000,-0.984213000
source_uncut,3,200,165817446,200000000,82.908723000,83.170000000,-0.261277000
source_uncut,3,100,190003202,200000000,95.001601000,95.050000000,-0.048399000
source_uncut,3,20,200000000,200000000,100.000000000,99.990000000,0.010000000
source_uncut,4,1000,173359901,200000000,86.679950500,87.090000000,-0.410049500
source_uncut,4,200,199614610,200000000,99.807305000,99.790000000,0.017305000
source_uncut,4,100,200000000,200000000,100.000000000,99.990000000,0.010000000
source_uncut,4,20,200000000,200000000,100.000000000,99.990000000,0.010000000
