seed,profile,n,threshold_percent,count,percent,delta_Proposed_pp,paired_delta_baseline_pp,paired_se_pp,changed_outputs
314159,baseline,2,0.100000,872660,8.726600,-1.143400,0.000000,0.000000,0
314159,baseline,2,0.500000,3118370,31.183700,-1.006300,0.000000,0.000000,0
314159,baseline,2,1.000000,4929766,49.297660,-0.732340,0.000000,0.000000,0
314159,baseline,2,5.000000,9546837,95.468370,-0.101630,0.000000,0.000000,0
314159,baseline,3,0.100000,4333027,43.330270,-1.359730,0.000000,0.000000,0
314159,baseline,3,0.500000,8286354,82.863540,-0.306460,0.000000,0.000000,0
314159,baseline,3,1.000000,9497934,94.979340,-0.070660,0.000000,0.000000,0
314159,baseline,3,5.000000,10000000,100.000000,0.010000,0.000000,0.000000,0
314159,baseline,4,0.100000,8629644,86.296440,-0.793560,0.000000,0.000000,0
314159,baseline,4,0.500000,9979728,99.797280,0.007280,0.000000,0.000000,0
314159,baseline,4,1.000000,10000000,100.000000,0.010000,0.000000,0.000000,0
314159,baseline,4,5.000000,10000000,100.000000,0.010000,0.000000,0.000000,0
314159,tie_b,2,0.100000,872279,8.722790,-1.147210,-0.003810,0.003226,800912
314159,tie_b,2,0.500000,3118021,31.180210,-1.009790,-0.003490,0.003926,800912
314159,tie_b,2,1.000000,4929663,49.296630,-0.733370,-0.001030,0.003544,800912
314159,tie_b,2,5.000000,9546514,95.465140,-0.104860,-0.003230,0.001441,800912
314159,tie_b,3,0.100000,4332988,43.329880,-1.360120,-0.000390,0.004936,774864
314159,tie_b,3,0.500000,8286779,82.867790,-0.302210,0.004250,0.003168,774864
314159,tie_b,3,1.000000,9498038,94.980380,-0.069620,0.001040,0.001961,774864
314159,tie_b,3,5.000000,10000000,100.000000,0.010000,0.000000,0.000000,774864
314159,tie_b,4,0.100000,8629400,86.294000,-0.796000,-0.002440,0.003705,680615
314159,tie_b,4,0.500000,9979642,99.796420,0.006420,-0.000860,0.000681,680615
314159,tie_b,4,1.000000,10000000,100.000000,0.010000,0.000000,0.000000,680615
314159,tie_b,4,5.000000,10000000,100.000000,0.010000,0.000000,0.000000,680615
314159,relative_prediction,2,0.100000,890982,8.909820,-0.960180,0.183220,0.001883,547139
314159,relative_prediction,2,0.500000,3149523,31.495230,-0.694770,0.311530,0.002554,547139
314159,relative_prediction,2,1.000000,4967733,49.677330,-0.352670,0.379670,0.002670,547139
314159,relative_prediction,2,5.000000,9565874,95.658740,0.088740,0.190370,0.001488,547139
314159,relative_prediction,3,0.100000,4370625,43.706250,-0.983750,0.375980,0.003848,538845
314159,relative_prediction,3,0.500000,8338266,83.382660,0.212660,0.519120,0.003592,538845
314159,relative_prediction,3,1.000000,9538155,95.381550,0.331550,0.402210,0.002440,538845
314159,relative_prediction,3,5.000000,10000000,100.000000,0.010000,0.000000,0.000000,538845
314159,relative_prediction,4,0.100000,8669041,86.690410,-0.399590,0.393970,0.003849,492881
314159,relative_prediction,4,0.500000,9984874,99.848740,0.058740,0.051460,0.000761,492881
314159,relative_prediction,4,1.000000,10000000,100.000000,0.010000,0.000000,0.000000,492881
314159,relative_prediction,4,5.000000,10000000,100.000000,0.010000,0.000000,0.000000,492881
314159,exact_prediction_residual,2,0.100000,894167,8.941670,-0.928330,0.215070,0.001564,36274
314159,exact_prediction_residual,2,0.500000,3130847,31.308470,-0.881530,0.124770,0.001116,36274
314159,exact_prediction_residual,2,1.000000,4932682,49.326820,-0.703180,0.029160,0.000540,36274
314159,exact_prediction_residual,2,5.000000,9546837,95.468370,-0.101630,0.000000,0.000000,36274
314159,exact_prediction_residual,3,0.100000,4342492,43.424920,-1.265080,0.094650,0.000972,32695
314159,exact_prediction_residual,3,0.500000,8286354,82.863540,-0.306460,0.000000,0.000000,32695
314159,exact_prediction_residual,3,1.000000,9497934,94.979340,-0.070660,0.000000,0.000000,32695
314159,exact_prediction_residual,3,5.000000,10000000,100.000000,0.010000,0.000000,0.000000,32695
314159,exact_prediction_residual,4,0.100000,8629826,86.298260,-0.791740,0.001820,0.000135,25159
314159,exact_prediction_residual,4,0.500000,9979728,99.797280,0.007280,0.000000,0.000000,25159
314159,exact_prediction_residual,4,1.000000,10000000,100.000000,0.010000,0.000000,0.000000,25159
314159,exact_prediction_residual,4,5.000000,10000000,100.000000,0.010000,0.000000,0.000000,25159
314159,acc_guard12,2,0.100000,876136,8.761360,-1.108640,0.034760,0.002063,8690800
314159,acc_guard12,2,0.500000,3119692,31.196920,-0.993080,0.013220,0.001600,8690800
314159,acc_guard12,2,1.000000,4930818,49.308180,-0.721820,0.010520,0.001303,8690800
314159,acc_guard12,2,5.000000,9547053,95.470530,-0.099470,0.002160,0.000480,8690800
314159,acc_guard12,3,0.100000,4359811,43.598110,-1.091890,0.267840,0.004400,9846372
314159,acc_guard12,3,0.500000,8291354,82.913540,-0.256460,0.050000,0.001915,9846372
314159,acc_guard12,3,1.000000,9499830,94.998300,-0.051700,0.018960,0.001060,9846372
314159,acc_guard12,3,5.000000,10000000,100.000000,0.010000,0.000000,0.000000,9846372
314159,acc_guard12,4,0.100000,8668443,86.684430,-0.405570,0.387990,0.004382,9965258
314159,acc_guard12,4,0.500000,9980829,99.808290,0.018290,0.011010,0.000633,9965258
314159,acc_guard12,4,1.000000,10000000,100.000000,0.010000,0.000000,0.000000,9965258
314159,acc_guard12,4,5.000000,10000000,100.000000,0.010000,0.000000,0.000000,9965258
314159,exact_sac_residual,2,0.100000,868918,8.689180,-1.180820,-0.037420,0.000612,37525
314159,exact_sac_residual,2,0.500000,3118370,31.183700,-1.006300,0.000000,0.000000,37525
314159,exact_sac_residual,2,1.000000,4929766,49.297660,-0.732340,0.000000,0.000000,37525
314159,exact_sac_residual,2,5.000000,9546837,95.468370,-0.101630,0.000000,0.000000,37525
314159,exact_sac_residual,3,0.100000,4302758,43.027580,-1.662420,-0.302690,0.001782,389526
314159,exact_sac_residual,3,0.500000,8285987,82.859870,-0.310130,-0.003670,0.000192,389526
314159,exact_sac_residual,3,1.000000,9497934,94.979340,-0.070660,0.000000,0.000000,389526
314159,exact_sac_residual,3,5.000000,10000000,100.000000,0.010000,0.000000,0.000000,389526
314159,exact_sac_residual,4,0.100000,8588010,85.880100,-1.209900,-0.416340,0.002094,1578552
314159,exact_sac_residual,4,0.500000,9979396,99.793960,0.003960,-0.003320,0.000182,1578552
314159,exact_sac_residual,4,1.000000,10000000,100.000000,0.010000,0.000000,0.000000,1578552
314159,exact_sac_residual,4,5.000000,10000000,100.000000,0.010000,0.000000,0.000000,1578552
314159,pack_rne,2,0.100000,872660,8.726600,-1.143400,0.000000,0.000000,0
314159,pack_rne,2,0.500000,3118370,31.183700,-1.006300,0.000000,0.000000,0
314159,pack_rne,2,1.000000,4929766,49.297660,-0.732340,0.000000,0.000000,0
314159,pack_rne,2,5.000000,9546837,95.468370,-0.101630,0.000000,0.000000,0
314159,pack_rne,3,0.100000,4333027,43.330270,-1.359730,0.000000,0.000000,0
314159,pack_rne,3,0.500000,8286354,82.863540,-0.306460,0.000000,0.000000,0
314159,pack_rne,3,1.000000,9497934,94.979340,-0.070660,0.000000,0.000000,0
314159,pack_rne,3,5.000000,10000000,100.000000,0.010000,0.000000,0.000000,0
314159,pack_rne,4,0.100000,8629644,86.296440,-0.793560,0.000000,0.000000,0
314159,pack_rne,4,0.500000,9979728,99.797280,0.007280,0.000000,0.000000,0
314159,pack_rne,4,1.000000,10000000,100.000000,0.010000,0.000000,0.000000,0
314159,pack_rne,4,5.000000,10000000,100.000000,0.010000,0.000000,0.000000,0
314160,baseline,2,0.100000,871911,8.719110,-1.150890,0.000000,0.000000,0
314160,baseline,2,0.500000,3118891,31.188910,-1.001090,0.000000,0.000000,0
314160,baseline,2,1.000000,4931328,49.313280,-0.716720,0.000000,0.000000,0
314160,baseline,2,5.000000,9546628,95.466280,-0.103720,0.000000,0.000000,0
314160,baseline,3,0.100000,4335288,43.352880,-1.337120,0.000000,0.000000,0
314160,baseline,3,0.500000,8285958,82.859580,-0.310420,0.000000,0.000000,0
314160,baseline,3,1.000000,9497809,94.978090,-0.071910,0.000000,0.000000,0
314160,baseline,3,5.000000,10000000,100.000000,0.010000,0.000000,0.000000,0
314160,baseline,4,0.100000,8630067,86.300670,-0.789330,0.000000,0.000000,0
314160,baseline,4,0.500000,9979811,99.798110,0.008110,0.000000,0.000000,0
314160,baseline,4,1.000000,10000000,100.000000,0.010000,0.000000,0.000000,0
314160,baseline,4,5.000000,10000000,100.000000,0.010000,0.000000,0.000000,0
314160,tie_b,2,0.100000,871424,8.714240,-1.155760,-0.004870,0.003226,802045
314160,tie_b,2,0.500000,3119554,31.195540,-0.994460,0.006630,0.003929,802045
314160,tie_b,2,1.000000,4931067,49.310670,-0.719330,-0.002610,0.003551,802045
314160,tie_b,2,5.000000,9546707,95.467070,-0.102930,0.000790,0.001440,802045
314160,tie_b,3,0.100000,4335474,43.354740,-1.335260,0.001860,0.004948,776196
314160,tie_b,3,0.500000,8286558,82.865580,-0.304420,0.006000,0.003171,776196
314160,tie_b,3,1.000000,9498006,94.980060,-0.069940,0.001970,0.001963,776196
314160,tie_b,3,5.000000,10000000,100.000000,0.010000,0.000000,0.000000,776196
314160,tie_b,4,0.100000,8630491,86.304910,-0.785090,0.004240,0.003703,681465
314160,tie_b,4,0.500000,9979783,99.797830,0.007830,-0.000280,0.000674,681465
314160,tie_b,4,1.000000,10000000,100.000000,0.010000,0.000000,0.000000,681465
314160,tie_b,4,5.000000,10000000,100.000000,0.010000,0.000000,0.000000,681465
314160,relative_prediction,2,0.100000,890368,8.903680,-0.966320,0.184570,0.001888,548074
314160,relative_prediction,2,0.500000,3150483,31.504830,-0.685170,0.315920,0.002557,548074
314160,relative_prediction,2,1.000000,4969047,49.690470,-0.339530,0.377190,0.002671,548074
314160,relative_prediction,2,5.000000,9565676,95.656760,0.086760,0.190480,0.001488,548074
314160,relative_prediction,3,0.100000,4372251,43.722510,-0.967490,0.369630,0.003861,539811
314160,relative_prediction,3,0.500000,8337127,83.371270,0.201270,0.511690,0.003594,539811
314160,relative_prediction,3,1.000000,9538017,95.380170,0.330170,0.402080,0.002447,539811
314160,relative_prediction,3,5.000000,10000000,100.000000,0.010000,0.000000,0.000000,539811
314160,relative_prediction,4,0.100000,8669667,86.696670,-0.393330,0.396000,0.003854,493231
314160,relative_prediction,4,0.500000,9984982,99.849820,0.059820,0.051710,0.000767,493231
314160,relative_prediction,4,1.000000,10000000,100.000000,0.010000,0.000000,0.000000,493231
314160,relative_prediction,4,5.000000,10000000,100.000000,0.010000,0.000000,0.000000,493231
314160,exact_prediction_residual,2,0.100000,893396,8.933960,-0.936040,0.214850,0.001562,36085
314160,exact_prediction_residual,2,0.500000,3131263,31.312630,-0.877370,0.123720,0.001112,36085
314160,exact_prediction_residual,2,1.000000,4934163,49.341630,-0.688370,0.028350,0.000532,36085
314160,exact_prediction_residual,2,5.000000,9546628,95.466280,-0.103720,0.000000,0.000000,36085
314160,exact_prediction_residual,3,0.100000,4344629,43.446290,-1.243710,0.093410,0.000966,32512
314160,exact_prediction_residual,3,0.500000,8285958,82.859580,-0.310420,0.000000,0.000000,32512
314160,exact_prediction_residual,3,1.000000,9497809,94.978090,-0.071910,0.000000,0.000000,32512
314160,exact_prediction_residual,3,5.000000,10000000,100.000000,0.010000,0.000000,0.000000,32512
314160,exact_prediction_residual,4,0.100000,8630249,86.302490,-0.787510,0.001820,0.000135,25117
314160,exact_prediction_residual,4,0.500000,9979811,99.798110,0.008110,0.000000,0.000000,25117
314160,exact_prediction_residual,4,1.000000,10000000,100.000000,0.010000,0.000000,0.000000,25117
314160,exact_prediction_residual,4,5.000000,10000000,100.000000,0.010000,0.000000,0.000000,25117
314160,acc_guard12,2,0.100000,875061,8.750610,-1.119390,0.031500,0.002055,8691068
314160,acc_guard12,2,0.500000,3120063,31.200630,-0.989370,0.011720,0.001600,8691068
314160,acc_guard12,2,1.000000,4932336,49.323360,-0.706640,0.010080,0.001301,8691068
314160,acc_guard12,2,5.000000,9546752,95.467520,-0.102480,0.001240,0.000497,8691068
314160,acc_guard12,3,0.100000,4362939,43.629390,-1.060610,0.276510,0.004400,9845784
314160,acc_guard12,3,0.500000,8290966,82.909660,-0.260340,0.050080,0.001911,9845784
314160,acc_guard12,3,1.000000,9499880,94.998800,-0.051200,0.020710,0.001060,9845784
314160,acc_guard12,3,5.000000,10000000,100.000000,0.010000,0.000000,0.000000,9845784
314160,acc_guard12,4,0.100000,8669272,86.692720,-0.397280,0.392050,0.004362,9964890
314160,acc_guard12,4,0.500000,9980661,99.806610,0.016610,0.008500,0.000625,9964890
314160,acc_guard12,4,1.000000,10000000,100.000000,0.010000,0.000000,0.000000,9964890
314160,acc_guard12,4,5.000000,10000000,100.000000,0.010000,0.000000,0.000000,9964890
314160,exact_sac_residual,2,0.100000,868194,8.681940,-1.188060,-0.037170,0.000610,37187
314160,exact_sac_residual,2,0.500000,3118891,31.188910,-1.001090,0.000000,0.000000,37187
314160,exact_sac_residual,2,1.000000,4931328,49.313280,-0.716720,0.000000,0.000000,37187
314160,exact_sac_residual,2,5.000000,9546628,95.466280,-0.103720,0.000000,0.000000,37187
314160,exact_sac_residual,3,0.100000,4304478,43.044780,-1.645220,-0.308100,0.001798,389880
314160,exact_sac_residual,3,0.500000,8285611,82.856110,-0.313890,-0.003470,0.000186,389880
314160,exact_sac_residual,3,1.000000,9497809,94.978090,-0.071910,0.000000,0.000000,389880
314160,exact_sac_residual,3,5.000000,10000000,100.000000,0.010000,0.000000,0.000000,389880
314160,exact_sac_residual,4,0.100000,8588257,85.882570,-1.207430,-0.418100,0.002099,1578477
314160,exact_sac_residual,4,0.500000,9979448,99.794480,0.004480,-0.003630,0.000191,1578477
314160,exact_sac_residual,4,1.000000,10000000,100.000000,0.010000,0.000000,0.000000,1578477
314160,exact_sac_residual,4,5.000000,10000000,100.000000,0.010000,0.000000,0.000000,1578477
314160,pack_rne,2,0.100000,871911,8.719110,-1.150890,0.000000,0.000000,0
314160,pack_rne,2,0.500000,3118891,31.188910,-1.001090,0.000000,0.000000,0
314160,pack_rne,2,1.000000,4931328,49.313280,-0.716720,0.000000,0.000000,0
314160,pack_rne,2,5.000000,9546628,95.466280,-0.103720,0.000000,0.000000,0
314160,pack_rne,3,0.100000,4335288,43.352880,-1.337120,0.000000,0.000000,0
314160,pack_rne,3,0.500000,8285958,82.859580,-0.310420,0.000000,0.000000,0
314160,pack_rne,3,1.000000,9497809,94.978090,-0.071910,0.000000,0.000000,0
314160,pack_rne,3,5.000000,10000000,100.000000,0.010000,0.000000,0.000000,0
314160,pack_rne,4,0.100000,8630067,86.300670,-0.789330,0.000000,0.000000,0
314160,pack_rne,4,0.500000,9979811,99.798110,0.008110,0.000000,0.000000,0
314160,pack_rne,4,1.000000,10000000,100.000000,0.010000,0.000000,0.000000,0
314160,pack_rne,4,5.000000,10000000,100.000000,0.010000,0.000000,0.000000,0
2026,baseline,2,0.100000,870840,8.708400,-1.161600,0.000000,0.000000,0
2026,baseline,2,0.500000,3116555,31.165550,-1.024450,0.000000,0.000000,0
2026,baseline,2,1.000000,4928765,49.287650,-0.742350,0.000000,0.000000,0
2026,baseline,2,5.000000,9546142,95.461420,-0.108580,0.000000,0.000000,0
2026,baseline,3,0.100000,4335012,43.350120,-1.339880,0.000000,0.000000,0
2026,baseline,3,0.500000,8286405,82.864050,-0.305950,0.000000,0.000000,0
2026,baseline,3,1.000000,9498053,94.980530,-0.069470,0.000000,0.000000,0
2026,baseline,3,5.000000,10000000,100.000000,0.010000,0.000000,0.000000,0
2026,baseline,4,0.100000,8627455,86.274550,-0.815450,0.000000,0.000000,0
2026,baseline,4,0.500000,9979728,99.797280,0.007280,0.000000,0.000000,0
2026,baseline,4,1.000000,10000000,100.000000,0.010000,0.000000,0.000000,0
2026,baseline,4,5.000000,10000000,100.000000,0.010000,0.000000,0.000000,0
2026,tie_b,2,0.100000,870595,8.705950,-1.164050,-0.002450,0.003224,802701
2026,tie_b,2,0.500000,3116525,31.165250,-1.024750,-0.000300,0.003926,802701
2026,tie_b,2,1.000000,4929084,49.290840,-0.739160,0.003190,0.003557,802701
2026,tie_b,2,5.000000,9545939,95.459390,-0.110610,-0.002030,0.001439,802701
2026,tie_b,3,0.100000,4335070,43.350700,-1.339300,0.000580,0.004949,776562
2026,tie_b,3,0.500000,8286363,82.863630,-0.306370,-0.000420,0.003167,776562
2026,tie_b,3,1.000000,9498073,94.980730,-0.069270,0.000200,0.001958,776562
2026,tie_b,3,5.000000,10000000,100.000000,0.010000,0.000000,0.000000,776562
2026,tie_b,4,0.100000,8627468,86.274680,-0.815320,0.000130,0.003698,681400
2026,tie_b,4,0.500000,9979596,99.795960,0.005960,-0.001320,0.000674,681400
2026,tie_b,4,1.000000,10000000,100.000000,0.010000,0.000000,0.000000,681400
2026,tie_b,4,5.000000,10000000,100.000000,0.010000,0.000000,0.000000,681400
2026,relative_prediction,2,0.100000,889343,8.893430,-0.976570,0.185030,0.001894,549044
2026,relative_prediction,2,0.500000,3147663,31.476630,-0.713370,0.311080,0.002559,549044
2026,relative_prediction,2,1.000000,4967089,49.670890,-0.359110,0.383240,0.002675,549044
2026,relative_prediction,2,5.000000,9565311,95.653110,0.083110,0.191690,0.001490,549044
2026,relative_prediction,3,0.100000,4372007,43.720070,-0.969930,0.369950,0.003855,540333
2026,relative_prediction,3,0.500000,8337019,83.370190,0.200190,0.506140,0.003589,540333
2026,relative_prediction,3,1.000000,9538145,95.381450,0.331450,0.400920,0.002445,540333
2026,relative_prediction,3,5.000000,10000000,100.000000,0.010000,0.000000,0.000000,540333
2026,relative_prediction,4,0.100000,8666670,86.666700,-0.423300,0.392150,0.003859,494415
2026,relative_prediction,4,0.500000,9984900,99.849000,0.059000,0.051720,0.000765,494415
2026,relative_prediction,4,1.000000,10000000,100.000000,0.010000,0.000000,0.000000,494415
2026,relative_prediction,4,5.000000,10000000,100.000000,0.010000,0.000000,0.000000,494415
2026,exact_prediction_residual,2,0.100000,892340,8.923400,-0.946600,0.215000,0.001569,36341
2026,exact_prediction_residual,2,0.500000,3128915,31.289150,-0.900850,0.123600,0.001111,36341
2026,exact_prediction_residual,2,1.000000,4931654,49.316540,-0.713460,0.028890,0.000537,36341
2026,exact_prediction_residual,2,5.000000,9546142,95.461420,-0.108580,0.000000,0.000000,36341
2026,exact_prediction_residual,3,0.100000,4344303,43.443030,-1.246970,0.092910,0.000963,32602
2026,exact_prediction_residual,3,0.500000,8286405,82.864050,-0.305950,0.000000,0.000000,32602
2026,exact_prediction_residual,3,1.000000,9498053,94.980530,-0.069470,0.000000,0.000000,32602
2026,exact_prediction_residual,3,5.000000,10000000,100.000000,0.010000,0.000000,0.000000,32602
2026,exact_prediction_residual,4,0.100000,8627639,86.276390,-0.813610,0.001840,0.000136,25035
2026,exact_prediction_residual,4,0.500000,9979728,99.797280,0.007280,0.000000,0.000000,25035
2026,exact_prediction_residual,4,1.000000,10000000,100.000000,0.010000,0.000000,0.000000,25035
2026,exact_prediction_residual,4,5.000000,10000000,100.000000,0.010000,0.000000,0.000000,25035
2026,acc_guard12,2,0.100000,873662,8.736620,-1.133380,0.028220,0.002055,8691282
2026,acc_guard12,2,0.500000,3117881,31.178810,-1.011190,0.013260,0.001597,8691282
2026,acc_guard12,2,1.000000,4929925,49.299250,-0.730750,0.011600,0.001306,8691282
2026,acc_guard12,2,5.000000,9546304,95.463040,-0.106960,0.001620,0.000498,8691282
2026,acc_guard12,3,0.100000,4362410,43.624100,-1.065900,0.273980,0.004396,9846554
2026,acc_guard12,3,0.500000,8291550,82.915500,-0.254500,0.051450,0.001914,9846554
2026,acc_guard12,3,1.000000,9500106,95.001060,-0.048940,0.020530,0.001056,9846554
2026,acc_guard12,3,5.000000,10000000,100.000000,0.010000,0.000000,0.000000,9846554
2026,acc_guard12,4,0.100000,8667148,86.671480,-0.418520,0.396930,0.004363,9965273
2026,acc_guard12,4,0.500000,9980623,99.806230,0.016230,0.008950,0.000630,9965273
2026,acc_guard12,4,1.000000,10000000,100.000000,0.010000,0.000000,0.000000,9965273
2026,acc_guard12,4,5.000000,10000000,100.000000,0.010000,0.000000,0.000000,9965273
2026,exact_sac_residual,2,0.100000,867087,8.670870,-1.199130,-0.037530,0.000613,37518
2026,exact_sac_residual,2,0.500000,3116555,31.165550,-1.024450,0.000000,0.000000,37518
2026,exact_sac_residual,2,1.000000,4928765,49.287650,-0.742350,0.000000,0.000000,37518
2026,exact_sac_residual,2,5.000000,9546142,95.461420,-0.108580,0.000000,0.000000,37518
2026,exact_sac_residual,3,0.100000,4304409,43.044090,-1.645910,-0.306030,0.001795,389739
2026,exact_sac_residual,3,0.500000,8286064,82.860640,-0.309360,-0.003410,0.000185,389739
2026,exact_sac_residual,3,1.000000,9498053,94.980530,-0.069470,0.000000,0.000000,389739
2026,exact_sac_residual,3,5.000000,10000000,100.000000,0.010000,0.000000,0.000000,389739
2026,exact_sac_residual,4,0.100000,8585784,85.857840,-1.232160,-0.416710,0.002095,1578700
2026,exact_sac_residual,4,0.500000,9979407,99.794070,0.004070,-0.003210,0.000179,1578700
2026,exact_sac_residual,4,1.000000,10000000,100.000000,0.010000,0.000000,0.000000,1578700
2026,exact_sac_residual,4,5.000000,10000000,100.000000,0.010000,0.000000,0.000000,1578700
2026,pack_rne,2,0.100000,870840,8.708400,-1.161600,0.000000,0.000000,0
2026,pack_rne,2,0.500000,3116555,31.165550,-1.024450,0.000000,0.000000,0
2026,pack_rne,2,1.000000,4928765,49.287650,-0.742350,0.000000,0.000000,0
2026,pack_rne,2,5.000000,9546142,95.461420,-0.108580,0.000000,0.000000,0
2026,pack_rne,3,0.100000,4335012,43.350120,-1.339880,0.000000,0.000000,0
2026,pack_rne,3,0.500000,8286405,82.864050,-0.305950,0.000000,0.000000,0
2026,pack_rne,3,1.000000,9498053,94.980530,-0.069470,0.000000,0.000000,0
2026,pack_rne,3,5.000000,10000000,100.000000,0.010000,0.000000,0.000000,0
2026,pack_rne,4,0.100000,8627455,86.274550,-0.815450,0.000000,0.000000,0
2026,pack_rne,4,0.500000,9979728,99.797280,0.007280,0.000000,0.000000,0
2026,pack_rne,4,1.000000,10000000,100.000000,0.010000,0.000000,0.000000,0
2026,pack_rne,4,5.000000,10000000,100.000000,0.010000,0.000000,0.000000,0
20261004,baseline,2,0.100000,873366,8.733660,-1.136340,0.000000,0.000000,0
20261004,baseline,2,0.500000,3117534,31.175340,-1.014660,0.000000,0.000000,0
20261004,baseline,2,1.000000,4927697,49.276970,-0.753030,0.000000,0.000000,0
20261004,baseline,2,5.000000,9545825,95.458250,-0.111750,0.000000,0.000000,0
20261004,baseline,3,0.100000,4331755,43.317550,-1.372450,0.000000,0.000000,0
20261004,baseline,3,0.500000,8284377,82.843770,-0.326230,0.000000,0.000000,0
20261004,baseline,3,1.000000,9498046,94.980460,-0.069540,0.000000,0.000000,0
20261004,baseline,3,5.000000,10000000,100.000000,0.010000,0.000000,0.000000,0
20261004,baseline,4,0.100000,8626579,86.265790,-0.824210,0.000000,0.000000,0
20261004,baseline,4,0.500000,9979883,99.798830,0.008830,0.000000,0.000000,0
20261004,baseline,4,1.000000,10000000,100.000000,0.010000,0.000000,0.000000,0
20261004,baseline,4,5.000000,10000000,100.000000,0.010000,0.000000,0.000000,0
20261004,tie_b,2,0.100000,873689,8.736890,-1.133110,0.003230,0.003226,802672
20261004,tie_b,2,0.500000,3117571,31.175710,-1.014290,0.000370,0.003926,802672
20261004,tie_b,2,1.000000,4927586,49.275860,-0.754140,-0.001110,0.003541,802672
20261004,tie_b,2,5.000000,9545806,95.458060,-0.111940,-0.000190,0.001442,802672
20261004,tie_b,3,0.100000,4332848,43.328480,-1.361520,0.010930,0.004944,776837
20261004,tie_b,3,0.500000,8283819,82.838190,-0.331810,-0.005580,0.003173,776837
20261004,tie_b,3,1.000000,9497945,94.979450,-0.070550,-0.001010,0.001954,776837
20261004,tie_b,3,5.000000,10000000,100.000000,0.010000,0.000000,0.000000,776837
20261004,tie_b,4,0.100000,8626971,86.269710,-0.820290,0.003920,0.003706,681944
20261004,tie_b,4,0.500000,9979836,99.798360,0.008360,-0.000470,0.000672,681944
20261004,tie_b,4,1.000000,10000000,100.000000,0.010000,0.000000,0.000000,681944
20261004,tie_b,4,5.000000,10000000,100.000000,0.010000,0.000000,0.000000,681944
20261004,relative_prediction,2,0.100000,892147,8.921470,-0.948530,0.187810,0.001896,547595
20261004,relative_prediction,2,0.500000,3148629,31.486290,-0.703710,0.310950,0.002557,547595
20261004,relative_prediction,2,1.000000,4965146,49.651460,-0.378540,0.374490,0.002665,547595
20261004,relative_prediction,2,5.000000,9564905,95.649050,0.079050,0.190800,0.001486,547595
20261004,relative_prediction,3,0.100000,4369083,43.690830,-0.999170,0.373280,0.003852,539428
20261004,relative_prediction,3,0.500000,8336022,83.360220,0.190220,0.516450,0.003582,539428
20261004,relative_prediction,3,1.000000,9537948,95.379480,0.329480,0.399020,0.002437,539428
20261004,relative_prediction,3,5.000000,10000000,100.000000,0.010000,0.000000,0.000000,539428
20261004,relative_prediction,4,0.100000,8666449,86.664490,-0.425510,0.398700,0.003850,493040
20261004,relative_prediction,4,0.500000,9984900,99.849000,0.059000,0.050170,0.000761,493040
20261004,relative_prediction,4,1.000000,10000000,100.000000,0.010000,0.000000,0.000000,493040
20261004,relative_prediction,4,5.000000,10000000,100.000000,0.010000,0.000000,0.000000,493040
20261004,exact_prediction_residual,2,0.100000,894985,8.949850,-0.920150,0.216190,0.001571,36268
20261004,exact_prediction_residual,2,0.500000,3130007,31.300070,-0.889930,0.124730,0.001116,36268
20261004,exact_prediction_residual,2,1.000000,4930591,49.305910,-0.724090,0.028940,0.000538,36268
20261004,exact_prediction_residual,2,5.000000,9545825,95.458250,-0.111750,0.000000,0.000000,36268
20261004,exact_prediction_residual,3,0.100000,4341322,43.413220,-1.276780,0.095670,0.000978,32746
20261004,exact_prediction_residual,3,0.500000,8284377,82.843770,-0.326230,0.000000,0.000000,32746
20261004,exact_prediction_residual,3,1.000000,9498046,94.980460,-0.069540,0.000000,0.000000,32746
20261004,exact_prediction_residual,3,5.000000,10000000,100.000000,0.010000,0.000000,0.000000,32746
20261004,exact_prediction_residual,4,0.100000,8626755,86.267550,-0.822450,0.001760,0.000133,25173
20261004,exact_prediction_residual,4,0.500000,9979883,99.798830,0.008830,0.000000,0.000000,25173
20261004,exact_prediction_residual,4,1.000000,10000000,100.000000,0.010000,0.000000,0.000000,25173
20261004,exact_prediction_residual,4,5.000000,10000000,100.000000,0.010000,0.000000,0.000000,25173
20261004,acc_guard12,2,0.100000,876175,8.761750,-1.108250,0.028090,0.002059,8694774
20261004,acc_guard12,2,0.500000,3118869,31.188690,-1.001310,0.013350,0.001596,8694774
20261004,acc_guard12,2,1.000000,4928606,49.286060,-0.743940,0.009090,0.001307,8694774
20261004,acc_guard12,2,5.000000,9546026,95.460260,-0.109740,0.002010,0.000490,8694774
20261004,acc_guard12,3,0.100000,4359132,43.591320,-1.098680,0.273770,0.004398,9846922
20261004,acc_guard12,3,0.500000,8289510,82.895100,-0.274900,0.051330,0.001907,9846922
20261004,acc_guard12,3,1.000000,9500014,95.000140,-0.049860,0.019680,0.001057,9846922
20261004,acc_guard12,3,5.000000,10000000,100.000000,0.010000,0.000000,0.000000,9846922
20261004,acc_guard12,4,0.100000,8666883,86.668830,-0.421170,0.403040,0.004374,9965484
20261004,acc_guard12,4,0.500000,9980734,99.807340,0.017340,0.008510,0.000622,9965484
20261004,acc_guard12,4,1.000000,10000000,100.000000,0.010000,0.000000,0.000000,9965484
20261004,acc_guard12,4,5.000000,10000000,100.000000,0.010000,0.000000,0.000000,9965484
20261004,exact_sac_residual,2,0.100000,869567,8.695670,-1.174330,-0.037990,0.000617,37802
20261004,exact_sac_residual,2,0.500000,3117534,31.175340,-1.014660,0.000000,0.000000,37802
20261004,exact_sac_residual,2,1.000000,4927697,49.276970,-0.753030,0.000000,0.000000,37802
20261004,exact_sac_residual,2,5.000000,9545825,95.458250,-0.111750,0.000000,0.000000,37802
20261004,exact_sac_residual,3,0.100000,4301116,43.011160,-1.678840,-0.306390,0.001793,390690
20261004,exact_sac_residual,3,0.500000,8284025,82.840250,-0.329750,-0.003520,0.000188,390690
20261004,exact_sac_residual,3,1.000000,9498046,94.980460,-0.069540,0.000000,0.000000,390690
20261004,exact_sac_residual,3,5.000000,10000000,100.000000,0.010000,0.000000,0.000000,390690
20261004,exact_sac_residual,4,0.100000,8584849,85.848490,-1.241510,-0.417300,0.002099,1579541
20261004,exact_sac_residual,4,0.500000,9979587,99.795870,0.005870,-0.002960,0.000172,1579541
20261004,exact_sac_residual,4,1.000000,10000000,100.000000,0.010000,0.000000,0.000000,1579541
20261004,exact_sac_residual,4,5.000000,10000000,100.000000,0.010000,0.000000,0.000000,1579541
20261004,pack_rne,2,0.100000,873366,8.733660,-1.136340,0.000000,0.000000,0
20261004,pack_rne,2,0.500000,3117534,31.175340,-1.014660,0.000000,0.000000,0
20261004,pack_rne,2,1.000000,4927697,49.276970,-0.753030,0.000000,0.000000,0
20261004,pack_rne,2,5.000000,9545825,95.458250,-0.111750,0.000000,0.000000,0
20261004,pack_rne,3,0.100000,4331755,43.317550,-1.372450,0.000000,0.000000,0
20261004,pack_rne,3,0.500000,8284377,82.843770,-0.326230,0.000000,0.000000,0
20261004,pack_rne,3,1.000000,9498046,94.980460,-0.069540,0.000000,0.000000,0
20261004,pack_rne,3,5.000000,10000000,100.000000,0.010000,0.000000,0.000000,0
20261004,pack_rne,4,0.100000,8626579,86.265790,-0.824210,0.000000,0.000000,0
20261004,pack_rne,4,0.500000,9979883,99.798830,0.008830,0.000000,0.000000,0
20261004,pack_rne,4,1.000000,10000000,100.000000,0.010000,0.000000,0.000000,0
20261004,pack_rne,4,5.000000,10000000,100.000000,0.010000,0.000000,0.000000,0
42,baseline,2,0.100000,870699,8.706990,-1.163010,0.000000,0.000000,0
42,baseline,2,0.500000,3119336,31.193360,-0.996640,0.000000,0.000000,0
42,baseline,2,1.000000,4930072,49.300720,-0.729280,0.000000,0.000000,0
42,baseline,2,5.000000,9546712,95.467120,-0.102880,0.000000,0.000000,0
42,baseline,3,0.100000,4335140,43.351400,-1.338600,0.000000,0.000000,0
42,baseline,3,0.500000,8285631,82.856310,-0.313690,0.000000,0.000000,0
42,baseline,3,1.000000,9498910,94.989100,-0.060900,0.000000,0.000000,0
42,baseline,3,5.000000,10000000,100.000000,0.010000,0.000000,0.000000,0
42,baseline,4,0.100000,8627868,86.278680,-0.811320,0.000000,0.000000,0
42,baseline,4,0.500000,9979647,99.796470,0.006470,0.000000,0.000000,0
42,baseline,4,1.000000,10000000,100.000000,0.010000,0.000000,0.000000,0
42,baseline,4,5.000000,10000000,100.000000,0.010000,0.000000,0.000000,0
42,tie_b,2,0.100000,870981,8.709810,-1.160190,0.002820,0.003215,801209
42,tie_b,2,0.500000,3119161,31.191610,-0.998390,-0.001750,0.003920,801209
42,tie_b,2,1.000000,4930260,49.302600,-0.727400,0.001880,0.003544,801209
42,tie_b,2,5.000000,9546428,95.464280,-0.105720,-0.002840,0.001426,801209
42,tie_b,3,0.100000,4334815,43.348150,-1.341850,-0.003250,0.004937,775183
42,tie_b,3,0.500000,8285570,82.855700,-0.314300,-0.000610,0.003165,775183
42,tie_b,3,1.000000,9498572,94.985720,-0.064280,-0.003380,0.001960,775183
42,tie_b,3,5.000000,10000000,100.000000,0.010000,0.000000,0.000000,775183
42,tie_b,4,0.100000,8627214,86.272140,-0.817860,-0.006540,0.003701,680459
42,tie_b,4,0.500000,9979587,99.795870,0.005870,-0.000600,0.000673,680459
42,tie_b,4,1.000000,10000000,100.000000,0.010000,0.000000,0.000000,680459
42,tie_b,4,5.000000,10000000,100.000000,0.010000,0.000000,0.000000,680459
42,relative_prediction,2,0.100000,889203,8.892030,-0.977970,0.185040,0.001890,547473
42,relative_prediction,2,0.500000,3150232,31.502320,-0.687680,0.308960,0.002556,547473
42,relative_prediction,2,1.000000,4967710,49.677100,-0.352900,0.376380,0.002670,547473
42,relative_prediction,2,5.000000,9565409,95.654090,0.084090,0.186970,0.001473,547473
42,relative_prediction,3,0.100000,4371969,43.719690,-0.970310,0.368290,0.003853,539103
42,relative_prediction,3,0.500000,8336992,83.369920,0.199920,0.513610,0.003585,539103
42,relative_prediction,3,1.000000,9538674,95.386740,0.336740,0.397640,0.002439,539103
42,relative_prediction,3,5.000000,10000000,100.000000,0.010000,0.000000,0.000000,539103
42,relative_prediction,4,0.100000,8667100,86.671000,-0.419000,0.392320,0.003848,492827
42,relative_prediction,4,0.500000,9984787,99.847870,0.057870,0.051400,0.000763,492827
42,relative_prediction,4,1.000000,10000000,100.000000,0.010000,0.000000,0.000000,492827
42,relative_prediction,4,5.000000,10000000,100.000000,0.010000,0.000000,0.000000,492827
42,exact_prediction_residual,2,0.100000,891921,8.919210,-0.950790,0.212220,0.001560,35801
42,exact_prediction_residual,2,0.500000,3131705,31.317050,-0.872950,0.123690,0.001111,35801
42,exact_prediction_residual,2,1.000000,4932991,49.329910,-0.700090,0.029190,0.000540,35801
42,exact_prediction_residual,2,5.000000,9546712,95.467120,-0.102880,0.000000,0.000000,35801
42,exact_prediction_residual,3,0.100000,4344483,43.444830,-1.245170,0.093430,0.000966,32315
42,exact_prediction_residual,3,0.500000,8285631,82.856310,-0.313690,0.000000,0.000000,32315
42,exact_prediction_residual,3,1.000000,9498910,94.989100,-0.060900,0.000000,0.000000,32315
42,exact_prediction_residual,3,5.000000,10000000,100.000000,0.010000,0.000000,0.000000,32315
42,exact_prediction_residual,4,0.100000,8628039,86.280390,-0.809610,0.001710,0.000131,24839
42,exact_prediction_residual,4,0.500000,9979647,99.796470,0.006470,0.000000,0.000000,24839
42,exact_prediction_residual,4,1.000000,10000000,100.000000,0.010000,0.000000,0.000000,24839
42,exact_prediction_residual,4,5.000000,10000000,100.000000,0.010000,0.000000,0.000000,24839
42,acc_guard12,2,0.100000,873672,8.736720,-1.133280,0.029730,0.002060,8690824
42,acc_guard12,2,0.500000,3120197,31.201970,-0.988030,0.008610,0.001593,8690824
42,acc_guard12,2,1.000000,4931316,49.313160,-0.716840,0.012440,0.001295,8690824
42,acc_guard12,2,5.000000,9546990,95.469900,-0.100100,0.002780,0.000490,8690824
42,acc_guard12,3,0.100000,4361852,43.618520,-1.071480,0.267120,0.004404,9846299
42,acc_guard12,3,0.500000,8290581,82.905810,-0.264190,0.049500,0.001907,9846299
42,acc_guard12,3,1.000000,9501054,95.010540,-0.039460,0.021440,0.001061,9846299
42,acc_guard12,3,5.000000,10000000,100.000000,0.010000,0.000000,0.000000,9846299
42,acc_guard12,4,0.100000,8666925,86.669250,-0.420750,0.390570,0.004367,9965076
42,acc_guard12,4,0.500000,9980550,99.805500,0.015500,0.009030,0.000629,9965076
42,acc_guard12,4,1.000000,10000000,100.000000,0.010000,0.000000,0.000000,9965076
42,acc_guard12,4,5.000000,10000000,100.000000,0.010000,0.000000,0.000000,9965076
42,exact_sac_residual,2,0.100000,866939,8.669390,-1.200610,-0.037600,0.000613,37356
42,exact_sac_residual,2,0.500000,3119336,31.193360,-0.996640,0.000000,0.000000,37356
42,exact_sac_residual,2,1.000000,4930072,49.300720,-0.729280,0.000000,0.000000,37356
42,exact_sac_residual,2,5.000000,9546712,95.467120,-0.102880,0.000000,0.000000,37356
42,exact_sac_residual,3,0.100000,4304633,43.046330,-1.643670,-0.305070,0.001790,389687
42,exact_sac_residual,3,0.500000,8285298,82.852980,-0.317020,-0.003330,0.000182,389687
42,exact_sac_residual,3,1.000000,9498910,94.989100,-0.060900,0.000000,0.000000,389687
42,exact_sac_residual,3,5.000000,10000000,100.000000,0.010000,0.000000,0.000000,389687
42,exact_sac_residual,4,0.100000,8586404,85.864040,-1.225960,-0.414640,0.002092,1578724
42,exact_sac_residual,4,0.500000,9979311,99.793110,0.003110,-0.003360,0.000183,1578724
42,exact_sac_residual,4,1.000000,10000000,100.000000,0.010000,0.000000,0.000000,1578724
42,exact_sac_residual,4,5.000000,10000000,100.000000,0.010000,0.000000,0.000000,1578724
42,pack_rne,2,0.100000,870699,8.706990,-1.163010,0.000000,0.000000,0
42,pack_rne,2,0.500000,3119336,31.193360,-0.996640,0.000000,0.000000,0
42,pack_rne,2,1.000000,4930072,49.300720,-0.729280,0.000000,0.000000,0
42,pack_rne,2,5.000000,9546712,95.467120,-0.102880,0.000000,0.000000,0
42,pack_rne,3,0.100000,4335140,43.351400,-1.338600,0.000000,0.000000,0
42,pack_rne,3,0.500000,8285631,82.856310,-0.313690,0.000000,0.000000,0
42,pack_rne,3,1.000000,9498910,94.989100,-0.060900,0.000000,0.000000,0
42,pack_rne,3,5.000000,10000000,100.000000,0.010000,0.000000,0.000000,0
42,pack_rne,4,0.100000,8627868,86.278680,-0.811320,0.000000,0.000000,0
42,pack_rne,4,0.500000,9979647,99.796470,0.006470,0.000000,0.000000,0
42,pack_rne,4,1.000000,10000000,100.000000,0.010000,0.000000,0.000000,0
42,pack_rne,4,5.000000,10000000,100.000000,0.010000,0.000000,0.000000,0
