profile,n,threshold_percent,count,samples,percent,seed_min,seed_max,ci95_halfwidth_pp
baseline,2,0.100000,4359476,50000000,8.718952,8.706990,8.733660,0.007820
baseline,2,0.500000,15590686,50000000,31.181372,31.165550,31.193360,0.012840
baseline,2,1.000000,24647628,50000000,49.295256,49.276970,49.313280,0.013858
baseline,2,5.000000,47732144,50000000,95.464288,95.458250,95.468370,0.005768
baseline,3,0.100000,21670222,50000000,43.340444,43.317550,43.352880,0.013736
baseline,3,0.500000,41428725,50000000,82.857450,82.843770,82.864050,0.010447
baseline,3,1.000000,47490752,50000000,94.981504,94.978090,94.989100,0.006052
baseline,3,5.000000,50000000,50000000,100.000000,100.000000,100.000000,0.000000
baseline,4,0.100000,43141613,50000000,86.283226,86.265790,86.300670,0.009536
baseline,4,0.500000,49898797,50000000,99.797594,99.796470,99.798830,0.001246
baseline,4,1.000000,50000000,50000000,100.000000,100.000000,100.000000,0.000000
baseline,4,5.000000,50000000,50000000,100.000000,100.000000,100.000000,0.000000
tie_b,2,0.100000,4358968,50000000,8.717936,8.705950,8.736890,0.007819
tie_b,2,0.500000,15590832,50000000,31.181664,31.165250,31.195540,0.012840
tie_b,2,1.000000,24647660,50000000,49.295320,49.275860,49.310670,0.013858
tie_b,2,5.000000,47731394,50000000,95.462788,95.458060,95.467070,0.005769
tie_b,3,0.100000,21671195,50000000,43.342390,43.328480,43.354740,0.013736
tie_b,3,0.500000,41429089,50000000,82.858178,82.838190,82.867790,0.010446
tie_b,3,1.000000,47490634,50000000,94.981268,94.979450,94.985720,0.006052
tie_b,3,5.000000,50000000,50000000,100.000000,100.000000,100.000000,0.000000
tie_b,4,0.100000,43141544,50000000,86.283088,86.269710,86.304910,0.009536
tie_b,4,0.500000,49898444,50000000,99.796888,99.795870,99.798360,0.001248
tie_b,4,1.000000,50000000,50000000,100.000000,100.000000,100.000000,0.000000
tie_b,4,5.000000,50000000,50000000,100.000000,100.000000,100.000000,0.000000
relative_prediction,2,0.100000,4452043,50000000,8.904086,8.892030,8.921470,0.007894
relative_prediction,2,0.500000,15746530,50000000,31.493060,31.476630,31.504830,0.012875
relative_prediction,2,1.000000,24836725,50000000,49.673450,49.651460,49.690470,0.013859
relative_prediction,2,5.000000,47827175,50000000,95.654350,95.649050,95.658740,0.005651
relative_prediction,3,0.100000,21855935,50000000,43.711870,43.690830,43.722510,0.013749
relative_prediction,3,0.500000,41685426,50000000,83.370852,83.360220,83.382660,0.010321
relative_prediction,3,1.000000,47690939,50000000,95.381878,95.379480,95.386740,0.005818
relative_prediction,3,5.000000,50000000,50000000,100.000000,100.000000,100.000000,0.000000
relative_prediction,4,0.100000,43338927,50000000,86.677854,86.664490,86.696670,0.009419
relative_prediction,4,0.500000,49924443,50000000,99.848886,99.847870,99.849820,0.001077
relative_prediction,4,1.000000,50000000,50000000,100.000000,100.000000,100.000000,0.000000
relative_prediction,4,5.000000,50000000,50000000,100.000000,100.000000,100.000000,0.000000
exact_prediction_residual,2,0.100000,4466809,50000000,8.933618,8.919210,8.949850,0.007906
exact_prediction_residual,2,0.500000,15652737,50000000,31.305474,31.289150,31.317050,0.012854
exact_prediction_residual,2,1.000000,24662081,50000000,49.324162,49.305910,49.341630,0.013858
exact_prediction_residual,2,5.000000,47732144,50000000,95.464288,95.458250,95.468370,0.005768
exact_prediction_residual,3,0.100000,21717229,50000000,43.434458,43.413220,43.446290,0.013739
exact_prediction_residual,3,0.500000,41428725,50000000,82.857450,82.843770,82.864050,0.010447
exact_prediction_residual,3,1.000000,47490752,50000000,94.981504,94.978090,94.989100,0.006052
exact_prediction_residual,3,5.000000,50000000,50000000,100.000000,100.000000,100.000000,0.000000
exact_prediction_residual,4,0.100000,43142508,50000000,86.285016,86.267550,86.302490,0.009535
exact_prediction_residual,4,0.500000,49898797,50000000,99.797594,99.796470,99.798830,0.001246
exact_prediction_residual,4,1.000000,50000000,50000000,100.000000,100.000000,100.000000,0.000000
exact_prediction_residual,4,5.000000,50000000,50000000,100.000000,100.000000,100.000000,0.000000
acc_guard12,2,0.100000,4374706,50000000,8.749412,8.736620,8.761750,0.007832
acc_guard12,2,0.500000,15596702,50000000,31.193404,31.178810,31.201970,0.012842
acc_guard12,2,1.000000,24653001,50000000,49.306002,49.286060,49.323360,0.013858
acc_guard12,2,5.000000,47733125,50000000,95.466250,95.460260,95.470530,0.005767
acc_guard12,3,0.100000,21806144,50000000,43.612288,43.591320,43.629390,0.013746
acc_guard12,3,0.500000,41453961,50000000,82.907922,82.895100,82.915500,0.010434
acc_guard12,3,1.000000,47500884,50000000,95.001768,94.998300,95.010540,0.006040
acc_guard12,3,5.000000,50000000,50000000,100.000000,100.000000,100.000000,0.000000
acc_guard12,4,0.100000,43338671,50000000,86.677342,86.668830,86.692720,0.009419
acc_guard12,4,0.500000,49903397,50000000,99.806794,99.805500,99.808290,0.001217
acc_guard12,4,1.000000,50000000,50000000,100.000000,100.000000,100.000000,0.000000
acc_guard12,4,5.000000,50000000,50000000,100.000000,100.000000,100.000000,0.000000
exact_sac_residual,2,0.100000,4340705,50000000,8.681410,8.669390,8.695670,0.007805
exact_sac_residual,2,0.500000,15590686,50000000,31.181372,31.165550,31.193360,0.012840
exact_sac_residual,2,1.000000,24647628,50000000,49.295256,49.276970,49.313280,0.013858
exact_sac_residual,2,5.000000,47732144,50000000,95.464288,95.458250,95.468370,0.005768
exact_sac_residual,3,0.100000,21517394,50000000,43.034788,43.011160,43.046330,0.013724
exact_sac_residual,3,0.500000,41426985,50000000,82.853970,82.840250,82.860640,0.010447
exact_sac_residual,3,1.000000,47490752,50000000,94.981504,94.978090,94.989100,0.006052
exact_sac_residual,3,5.000000,50000000,50000000,100.000000,100.000000,100.000000,0.000000
exact_sac_residual,4,0.100000,42933304,50000000,85.866608,85.848490,85.882570,0.009656
exact_sac_residual,4,0.500000,49897149,50000000,99.794298,99.793110,99.795870,0.001256
exact_sac_residual,4,1.000000,50000000,50000000,100.000000,100.000000,100.000000,0.000000
exact_sac_residual,4,5.000000,50000000,50000000,100.000000,100.000000,100.000000,0.000000
pack_rne,2,0.100000,4359476,50000000,8.718952,8.706990,8.733660,0.007820
pack_rne,2,0.500000,15590686,50000000,31.181372,31.165550,31.193360,0.012840
pack_rne,2,1.000000,24647628,50000000,49.295256,49.276970,49.313280,0.013858
pack_rne,2,5.000000,47732144,50000000,95.464288,95.458250,95.468370,0.005768
pack_rne,3,0.100000,21670222,50000000,43.340444,43.317550,43.352880,0.013736
pack_rne,3,0.500000,41428725,50000000,82.857450,82.843770,82.864050,0.010447
pack_rne,3,1.000000,47490752,50000000,94.981504,94.978090,94.989100,0.006052
pack_rne,3,5.000000,50000000,50000000,100.000000,100.000000,100.000000,0.000000
pack_rne,4,0.100000,43141613,50000000,86.283226,86.265790,86.300670,0.009536
pack_rne,4,0.500000,49898797,50000000,99.797594,99.796470,99.798830,0.001246
pack_rne,4,1.000000,50000000,50000000,100.000000,100.000000,100.000000,0.000000
pack_rne,4,5.000000,50000000,50000000,100.000000,100.000000,100.000000,0.000000
