index7,fraction7_binary,predicted_abs_error_units_Q7
0,0000000,0
1,0000001,0
2,0000010,0
3,0000011,1
4,0000100,0
5,0000101,1
6,0000110,2
7,0000111,1
8,0001000,0
9,0001001,1
10,0001010,2
11,0001011,3
12,0001100,4
13,0001101,3
14,0001110,2
15,0001111,1
16,0010000,0
17,0010001,1
18,0010010,2
19,0010011,3
20,0010100,4
21,0010101,5
22,0010110,6
23,0010111,7
24,0011000,8
25,0011001,7
26,0011010,6
27,0011011,5
28,0011100,4
29,0011101,3
30,0011110,2
31,0011111,1
32,0100000,0
33,0100001,1
34,0100010,2
35,0100011,3
36,0100100,4
37,0100101,5
38,0100110,6
39,0100111,7
40,0101000,8
41,0101001,9
42,0101010,10
43,0101011,11
44,0101100,12
45,0101101,13
46,0101110,14
47,0101111,15
48,0110000,16
49,0110001,15
50,0110010,14
51,0110011,13
52,0110100,12
53,0110101,11
54,0110110,10
55,0110111,9
56,0111000,8
57,0111001,7
58,0111010,6
59,0111011,5
60,0111100,4
61,0111101,3
62,0111110,2
63,0111111,1
64,1000000,0
65,1000001,1
66,1000010,2
67,1000011,3
68,1000100,4
69,1000101,5
70,1000110,6
71,1000111,7
72,1001000,8
73,1001001,9
74,1001010,10
75,1001011,11
76,1001100,12
77,1001101,13
78,1001110,14
79,1001111,15
80,1010000,16
81,1010001,15
82,1010010,14
83,1010011,13
84,1010100,12
85,1010101,11
86,1010110,10
87,1010111,9
88,1011000,8
89,1011001,7
90,1011010,6
91,1011011,5
92,1011100,4
93,1011101,3
94,1011110,2
95,1011111,1
96,1100000,0
97,1100001,1
98,1100010,2
99,1100011,3
100,1100100,4
101,1100101,5
102,1100110,6
103,1100111,7
104,1101000,8
105,1101001,7
106,1101010,6
107,1101011,5
108,1101100,4
109,1101101,3
110,1101110,2
111,1101111,1
112,1110000,0
113,1110001,1
114,1110010,2
115,1110011,3
116,1110100,4
117,1110101,3
118,1110110,2
119,1110111,1
120,1111000,0
121,1111001,1
122,1111010,2
123,1111011,1
124,1111100,0
125,1111101,1
126,1111110,1
127,1111111,1
