n,threshold_percent,Babic_percent,delta_Babic_pp,Kim_local_FP32_percent,delta_Kim_pp,Proposed_local_Posit_percent,delta_Proposed_pp
2,0.100000,19.146617,0.006617,8.959513,-0.340487,8.959513,-0.910487
2,0.500000,47.374851,0.004851,31.318030,-0.801969,31.318030,-0.871969
2,1.000000,65.139091,0.009091,49.327373,-0.682627,49.327373,-0.702627
2,5.000000,99.127540,-0.002460,95.467513,-0.112487,95.467513,-0.102486
3,0.100000,70.515828,-0.004172,43.705787,-0.234213,43.705787,-0.984213
3,0.500000,95.521034,0.001034,82.908723,-0.101277,82.908723,-0.261277
3,1.000000,99.428855,-0.001145,95.001601,-0.028399,95.001601,-0.048399
3,5.000000,100.000000,0.000000,100.000000,0.000000,100.000000,0.010000
4,0.100000,98.030289,0.000289,86.679951,-0.010049,86.679951,-0.410049
4,0.500000,100.000000,0.000000,99.807305,-0.002695,99.807305,0.017305
4,1.000000,100.000000,0.000000,100.000000,0.000000,100.000000,0.010000
4,5.000000,100.000000,0.000000,100.000000,0.000000,100.000000,0.010000
