profile,n,Err<0.1%,Err<0.5%,Err<1%,Err<5%,avg_steps,max_delta_Proposed_pp,max_delta_Kim_pp
baseline,2,8.715786,31.181039,49.288651,95.465583,1.999131,1.154214,0.938961
baseline,3,43.342348,82.857654,94.981739,100.000000,2.988689,1.347652,0.597652
baseline,4,86.283213,99.797875,100.000000,100.000000,3.941783,0.806787,0.406787
minpop,2,4.078587,16.168132,27.772354,78.862785,1.999511,22.257646,22.237646
minpop,3,26.716570,64.894030,84.323609,100.000000,2.993640,18.275970,18.115970
minpop,4,72.462615,99.272333,100.000000,100.000000,3.965785,14.627385,14.227385
relative,2,8.900510,31.492919,49.668108,95.655612,1.999094,0.969489,0.627080
relative,3,43.713304,83.372756,95.383063,100.000000,2.988321,0.976696,0.362756
relative,4,86.681111,99.849503,100.000000,100.000000,3.940327,0.408889,0.039503
