profile,n,threshold_percent,measured_percent,Proposed_percent,delta_Proposed_pp,Kim_percent,delta_Kim_pp
baseline,2,0.1,8.714937,9.87,-1.155063,9.3,-0.585063
baseline,2,0.5,31.177290,32.19,-1.012710,32.12,-0.942710
baseline,2,1,49.285731,50.03,-0.744269,50.01,-0.724269
baseline,2,5,95.463330,95.57,-0.106670,95.58,-0.116670
baseline,3,0.1,43.337090,44.69,-1.352910,43.94,-0.602910
baseline,3,0.5,82.859994,83.17,-0.310006,83.01,-0.150006
baseline,3,1,94.981795,95.05,-0.068205,95.03,-0.048205
baseline,3,5,100.000000,99.99,0.010000,100,0.000000
baseline,4,0.1,86.286286,87.09,-0.803714,86.69,-0.403714
baseline,4,0.5,99.797782,99.79,0.007782,99.81,-0.012218
baseline,4,1,100.000000,99.99,0.010000,100,0.000000
baseline,4,5,100.000000,99.99,0.010000,100,0.000000
minpop,2,0.1,4.076841,9.87,-5.793159,9.3,-5.223159
minpop,2,0.5,16.169171,32.19,-16.020829,32.12,-15.950829
minpop,2,1,27.776557,50.03,-22.253443,50.01,-22.233443
minpop,2,5,78.862271,95.57,-16.707729,95.58,-16.717729
minpop,3,0.1,26.717347,44.69,-17.972653,43.94,-17.222653
minpop,3,0.5,64.894407,83.17,-18.275593,83.01,-18.115593
minpop,3,1,84.324390,95.05,-10.725610,95.03,-10.705610
minpop,3,5,100.000000,99.99,0.010000,100,0.000000
minpop,4,0.1,72.468581,87.09,-14.621419,86.69,-14.221419
minpop,4,0.5,99.273909,99.79,-0.516091,99.81,-0.536091
minpop,4,1,100.000000,99.99,0.010000,100,0.000000
minpop,4,5,100.000000,99.99,0.010000,100,0.000000
