candidate,expected_bits,actual_bits,packed_match,projected_trace_match,scope
fig3,0x1ae34000,0x1ae34000,1,1,force_X_as_in_paper_not_an_OPS_tie_fixture
tie_b,0x1ae34000,0x1ae34000,1,1,force_X_as_in_paper_not_an_OPS_tie_fixture
legacy7,0x1ae34000,0x1ae34000,1,1,force_X_as_in_paper_not_an_OPS_tie_fixture
input_anchor,0x1ae34000,0x1ae34000,1,1,force_X_as_in_paper_not_an_OPS_tie_fixture
exact_residual,0x1ae34000,0x1ae34000,1,1,force_X_as_in_paper_not_an_OPS_tie_fixture
guard1_pack12,0x1ae34000,0x1ae34000,1,1,force_X_as_in_paper_not_an_OPS_tie_fixture
guard12_pack12,0x1ae34000,0x1ae34000,1,1,force_X_as_in_paper_not_an_OPS_tie_fixture
source_uncut,0x1ae34000,0x1ae34800,0,1,force_X_as_in_paper_not_an_OPS_tie_fixture
post_sum_pack12,0x1ae34000,0x1ae34000,1,1,force_X_as_in_paper_not_an_OPS_tie_fixture
signed_floor,0x1ae34000,0x1ae34000,1,1,force_X_as_in_paper_not_an_OPS_tie_fixture
