x_Q12,y_Q12,n_terms,rnd_result,scan_same_total_result,scan_n_fraction_result,rnd_actual_terms,scan_actual_terms
5248,4097,1,0x40004000,0x40004000,0x41004000,1,1
5248,4616,1,0x40820000,0x40820000,0x41a28000,1,1
6143,4097,1,0x40004000,0x40004000,0x41004000,1,1
6143,4616,1,0x40820000,0x40820000,0x41a28000,1,1
6144,4097,1,0x44004000,0x40004000,0x42004000,1,1
6144,4616,1,0x44820000,0x40820000,0x42c30000,1,1
6145,4097,1,0x44004000,0x40004000,0x42004000,1,1
6145,4616,1,0x44820000,0x40820000,0x42c30000,1,1
5248,4097,2,0x41004000,0x41004000,0x41204000,2,2
5248,4616,2,0x41a28000,0x41a28000,0x41c68000,2,2
6143,4097,2,0x42004000,0x41004000,0x41804000,2,2
6143,4616,2,0x42c30000,0x41a28000,0x4232c000,2,2
6144,4097,2,0x42008000,0x42004000,0x42004000,2,2
6144,4616,2,0x42c30000,0x42c30000,0x42c30000,2,2
6145,4097,2,0x42008000,0x42004000,0x42008000,2,2
6145,4616,2,0x42c30000,0x42c30000,0x42c34000,2,2
5248,4097,3,0x41204000,0x41204000,0x41204000,3,3
5248,4616,3,0x41c68000,0x41c68000,0x41c68000,3,3
6143,4097,3,0x42000000,0x41804000,0x41c04000,3,3
6143,4616,3,0x42c2c000,0x4232c000,0x427ac000,3,3
6144,4097,3,0x42008000,0x42004000,0x42004000,3,2
6144,4616,3,0x42c30000,0x42c30000,0x42c30000,3,2
6145,4097,3,0x42010000,0x42008000,0x42008000,3,3
6145,4616,3,0x42c38000,0x42c34000,0x42c34000,3,3
5248,4097,4,0x41204000,0x41204000,0x41204000,3,3
5248,4616,4,0x41c68000,0x41c68000,0x41c68000,3,3
6143,4097,4,0x42000000,0x41c04000,0x41e04000,4,4
6143,4616,4,0x42c2c000,0x427ac000,0x429ec000,4,4
6144,4097,4,0x42008000,0x42004000,0x42004000,4,2
6144,4616,4,0x42c30000,0x42c30000,0x42c30000,4,2
6145,4097,4,0x42010000,0x42008000,0x42008000,4,3
6145,4616,4,0x42c38000,0x42c34000,0x42c34000,4,3
