n,threshold,paper_percent,fig3_percent,source_percent,fig3_minus_paper_pp,fig3_minus_source_pp
2,Err<0.1%,9.87,8.955743,8.959513,-0.914257,-0.003770
2,Err<0.5%,32.19,31.320320,31.318030,-0.869680,0.002290
2,Err<1%,50.03,49.328132,49.327373,-0.701868,0.000759
2,Err<5%,95.57,95.467135,95.467513,-0.102865,-0.000378
3,Err<0.1%,44.69,43.397680,43.705787,-1.292320,-0.308107
3,Err<0.5%,83.17,82.852613,82.908723,-0.317387,-0.056110
3,Err<1%,95.05,94.982466,95.001601,-0.067534,-0.019135
3,Err<5%,99.99,100.000000,100.000000,0.010000,0.000000
4,Err<0.1%,87.09,86.183853,86.679951,-0.906147,-0.496098
4,Err<0.5%,99.79,99.797454,99.807305,0.007454,-0.009851
4,Err<1%,99.99,100.000000,100.000000,0.010000,0.000000
4,Err<5%,99.99,100.000000,100.000000,0.010000,0.000000
