case,x,y,k,power,coefficient,shift,term,acc,payload13,carry,tail
0,5248,4616,1,0,1,0,4616,4616,4616,0,0
0,5248,4616,2,-2,1,2,1154,5770,5770,0,0
0,5248,4616,3,-5,1,5,144,5914,5914,0,1
1,6144,4097,1,1,1,0,4097,4097,4097,0,0
1,6144,4097,2,-1,-1,2,1024,3073,3073,0,1
1,6144,4097,3,-12,1,13,0,3073,3073,0,1
1,6144,4097,4,-14,-1,15,0,3073,3073,0,1
1,6144,4097,5,-25,1,26,0,3073,3073,0,1
1,6144,4097,6,-27,-1,28,0,3073,3073,0,1
1,6144,4097,7,-38,1,39,0,3073,3073,0,1
1,6144,4097,8,-40,-1,41,0,3073,3073,0,1
2,6143,8191,1,0,1,0,8191,8191,8191,0,0
2,6143,8191,2,-1,1,1,4095,12286,4094,1,1
2,6143,8191,3,-12,-1,12,1,12285,4093,1,1
2,6143,8191,4,-14,1,14,0,12285,4093,1,1
2,6143,8191,5,-25,-1,25,0,12285,4093,1,1
2,6143,8191,6,-27,1,27,0,12285,4093,1,1
2,6143,8191,7,-38,-1,38,0,12285,4093,1,1
2,6143,8191,8,-40,1,40,0,12285,4093,1,1
3,4097,8191,1,0,1,0,8191,8191,8191,0,0
3,4097,8191,2,-12,1,12,1,8192,0,1,1
