profile,rows,completed,reset_aborts,long_stalls,mismatches,l1_checks,l0_checks,es3_checks,fixture_sha256
mul_16_1_0_0,1056000,1050995,5005,10836,0,1056000,528000,0,ee0726ebdd36c2c0488647068100ed65c621b5e47bc35e0da4609fb69651ba7d
mul_16_1_0_1,1056000,1050995,5005,10836,0,1056000,0,0,628a2047607ec8a7ed45a6cf62ba00b0f920db85eeb6032893ced20942c4534f
mul_16_1_1_0,1056000,1050995,5005,10836,0,1056000,528000,0,ac508f118b94c6c728cdefbc8b993fd05605810af2b1fafb8d3823e135eb88c0
mul_16_1_1_1,1056000,1050995,5005,10836,0,1056000,0,0,47fd28615f59f3ae428d2c01c8dcf9fad654441a428dd6cf7519ddc8b5bca7a7
mul_32_2_0_0,1056000,1050995,5005,10836,0,1056000,528128,0,b2c317502643c09d1ef4b43e33bd9625fa8d284311b033a039b1d9eb206b1524
mul_32_2_0_1,1056000,1050995,5005,10836,0,1056000,0,0,0e70a80e000818fe0f71e2ee34a1da6e921734b3e5e8bfc7d26de0a48fb7bc21
mul_32_2_1_0,1056000,1050995,5005,10836,0,1056000,528128,0,1cd3e89ae74b108b1ce3cd90e892b9d250a997b49547f45db25c7943af63e739
mul_32_2_1_1,1056000,1050995,5005,10836,0,1056000,0,0,92dd51e8c992405fb0ed1c0ab3d3ad563ead9d28ea249e19b4219af387f485bc
mul_32_3_0_0,1056000,1050995,5005,10836,0,1056000,0,528128,b6d8f1b7e6047a88b10ef32a2257928bcef3526866c2ffe634593f3e28cd3a83
mul_32_3_0_1,1056000,1050995,5005,10836,0,1056000,0,0,cfe1e69289162310827bf9ffb720b7a2c93ecb577ec91986864f4887953b5a81
mul_32_3_1_0,1056000,1050995,5005,10836,0,1056000,0,528128,f6aa8db56516d1570a71dc8ca04546691a6fdb4143a0429ab4cbf039cc57aa17
mul_32_3_1_1,1056000,1050995,5005,10836,0,1056000,0,0,d7a2f8f45e47a4a24c08b3394c0bf33e49128eb66e57af92993f828350086c7e
mul_8_0_0_0,1056000,1050995,5005,10836,0,1056000,528000,0,368085c30f96180914acf3b602f302dfe87ae051372b6f01263171249499813a
mul_8_0_0_1,1056000,1050995,5005,10836,0,1056000,0,0,d6d08c842e35ea413ce889b8c5f1d0dfce6baa66675392082d1f02d3b27da182
mul_8_0_1_0,1056000,1050995,5005,10836,0,1056000,528000,0,8d0db48dc4be7b69508bb083e07164452755c1165baa6b068b41fdc35c660a6a
mul_8_0_1_1,1056000,1050995,5005,10836,0,1056000,0,0,c97d0742edc1915ef636247f4b07e0d6fbe668757d70e8abf62459179a9ec723
