prefix7,fraction12,predicted_fraction12,table_error,source_error,legacy_error
0,0,0,0,0,0
1,32,32,0,0,0
2,64,64,0,0,0
3,96,128,32,32,32
4,128,128,0,0,0
5,160,128,32,32,32
6,192,256,64,64,64
7,224,256,32,32,32
8,256,256,0,0,0
9,288,256,32,32,32
10,320,256,64,64,64
11,352,256,96,96,96
12,384,512,128,128,128
13,416,512,96,96,96
14,448,512,64,64,64
15,480,512,32,32,32
16,512,512,0,0,0
17,544,512,32,32,32
18,576,512,64,64,64
19,608,512,96,96,96
20,640,512,128,128,128
21,672,512,160,160,160
22,704,512,192,192,192
23,736,512,224,224,224
24,768,1024,256,256,256
25,800,1024,224,224,224
26,832,1024,192,192,192
27,864,1024,160,160,160
28,896,1024,128,128,128
29,928,1024,96,96,96
30,960,1024,64,64,64
31,992,1024,32,32,32
32,1024,1024,0,0,0
33,1056,1024,32,32,32
34,1088,1024,64,64,64
35,1120,1024,96,96,96
36,1152,1024,128,128,128
37,1184,1024,160,160,160
38,1216,1024,192,192,192
39,1248,1024,224,224,224
40,1280,1024,256,256,256
41,1312,1024,288,288,288
42,1344,1024,320,320,320
43,1376,1024,352,352,352
44,1408,1024,384,384,384
45,1440,1024,416,416,416
46,1472,1024,448,448,448
47,1504,1024,480,480,480
48,1536,2048,512,512,512
49,1568,2048,480,480,480
50,1600,2048,448,448,448
51,1632,2048,416,416,416
52,1664,2048,384,384,384
53,1696,2048,352,352,352
54,1728,2048,320,320,320
55,1760,2048,288,288,288
56,1792,2048,256,256,256
57,1824,2048,224,224,224
58,1856,2048,192,192,192
59,1888,2048,160,160,160
60,1920,2048,128,128,128
61,1952,2048,96,96,96
62,1984,2048,64,64,64
63,2016,2048,32,32,32
64,2048,2048,0,0,0
65,2080,2048,32,32,32
66,2112,2048,64,64,64
67,2144,2048,96,96,96
68,2176,2048,128,128,128
69,2208,2048,160,160,160
70,2240,2048,192,192,192
71,2272,2048,224,224,224
72,2304,2048,256,256,256
73,2336,2048,288,288,288
74,2368,2048,320,320,320
75,2400,2048,352,352,352
76,2432,2048,384,384,384
77,2464,2048,416,416,416
78,2496,2048,448,448,448
79,2528,2048,480,480,480
80,2560,3072,512,512,512
81,2592,3072,480,480,480
82,2624,3072,448,448,448
83,2656,3072,416,416,416
84,2688,3072,384,384,384
85,2720,3072,352,352,352
86,2752,3072,320,320,320
87,2784,3072,288,288,288
88,2816,3072,256,256,256
89,2848,3072,224,224,224
90,2880,3072,192,192,192
91,2912,3072,160,160,160
92,2944,3072,128,128,128
93,2976,3072,96,96,96
94,3008,3072,64,64,64
95,3040,3072,32,32,32
96,3072,3072,0,0,0
97,3104,3072,32,32,32
98,3136,3072,64,64,64
99,3168,3072,96,96,96
100,3200,3072,128,128,128
101,3232,3072,160,160,160
102,3264,3072,192,192,192
103,3296,3072,224,224,224
104,3328,3584,256,256,256
105,3360,3584,224,224,224
106,3392,3584,192,192,192
107,3424,3584,160,160,160
108,3456,3584,128,128,128
109,3488,3584,96,96,96
110,3520,3584,64,64,64
111,3552,3584,32,32,32
112,3584,3584,0,0,0
113,3616,3584,32,32,32
114,3648,3584,64,64,64
115,3680,3584,96,96,96
116,3712,3840,128,128,128
117,3744,3840,96,96,96
118,3776,3840,64,64,64
119,3808,3840,32,32,32
120,3840,3840,0,0,0
121,3872,3840,32,32,32
122,3904,3968,64,64,64
123,3936,3968,32,32,32
124,3968,3968,0,0,0
125,4000,4032,32,32,32
126,4032,4032,0,0,32
127,4064,4064,0,0,32
